date,product_id,warehouse_id,demand,inbound_units_weekly,actual_outbound_weekly,inventory_level_weekly,unmet_demand_weekly,stockout_flag_weekly,inbound_units_jit,actual_outbound_jit,inventory_level_jit,unmet_demand_jit,stockout_flag_jit
2024-01-01,P001,WH1,26,0,26,224,0,False,0,26,224,0,False
2024-01-01,P002,WH1,12,0,12,238,0,False,0,12,238,0,False
2024-01-01,P003,WH1,28,0,28,222,0,False,0,28,222,0,False
2024-01-01,P004,WH1,11,0,11,239,0,False,0,11,239,0,False
2024-01-01,P005,WH1,23,0,23,227,0,False,0,23,227,0,False
2024-01-01,P006,WH1,21,0,21,59,0,False,0,21,59,0,False
2024-01-01,P007,WH1,6,0,6,74,0,False,0,6,74,0,False
2024-01-01,P008,WH1,6,0,6,74,0,False,0,6,74,0,False
2024-01-01,P009,WH1,9,0,9,71,0,False,0,9,71,0,False
2024-01-01,P010,WH1,6,0,6,74,0,False,0,6,74,0,False
2024-01-01,P011,WH1,13,0,13,27,0,False,0,13,27,0,False
2024-01-01,P012,WH1,6,0,6,34,0,False,0,6,34,0,False
2024-01-01,P013,WH1,11,0,11,29,0,False,0,11,29,0,False
2024-01-01,P014,WH1,1,0,1,39,0,False,0,1,39,0,False
2024-01-01,P015,WH1,9,0,9,31,0,False,0,9,31,0,False
2024-01-02,P001,WH1,16,0,16,208,0,False,0,16,208,0,False
2024-01-02,P002,WH1,36,0,36,202,0,False,0,36,202,0,False
2024-01-02,P003,WH1,36,0,36,186,0,False,0,36,186,0,False
2024-01-02,P004,WH1,4,0,4,235,0,False,0,4,235,0,False
2024-01-02,P005,WH1,9,0,9,218,0,False,0,9,218,0,False
2024-01-02,P006,WH1,9,0,9,50,0,False,0,9,50,0,False
2024-01-02,P007,WH1,8,0,8,66,0,False,0,8,66,0,False
2024-01-02,P008,WH1,4,0,4,70,0,False,0,4,70,0,False
2024-01-02,P009,WH1,14,0,14,57,0,False,0,14,57,0,False
2024-01-02,P010,WH1,7,0,7,67,0,False,0,7,67,0,False
2024-01-02,P011,WH1,5,0,5,22,0,False,0,5,22,0,False
2024-01-02,P012,WH1,5,0,5,29,0,False,0,5,29,0,False
2024-01-02,P013,WH1,4,0,4,25,0,False,0,4,25,0,False
2024-01-02,P014,WH1,7,0,7,32,0,False,0,7,32,0,False
2024-01-02,P015,WH1,7,0,7,24,0,False,0,7,24,0,False
2024-01-03,P001,WH1,27,0,27,181,0,False,0,27,181,0,False
2024-01-03,P002,WH1,15,0,15,187,0,False,0,15,187,0,False
2024-01-03,P003,WH1,1,0,1,185,0,False,0,1,185,0,False
2024-01-03,P004,WH1,37,0,37,198,0,False,0,37,198,0,False
2024-01-03,P005,WH1,28,0,28,190,0,False,0,28,190,0,False
2024-01-03,P006,WH1,4,0,4,46,0,False,0,4,46,0,False
2024-01-03,P007,WH1,13,0,13,53,0,False,0,13,53,0,False
2024-01-03,P008,WH1,19,0,19,51,0,False,0,19,51,0,False
2024-01-03,P009,WH1,13,0,13,44,0,False,0,13,44,0,False
2024-01-03,P010,WH1,19,0,19,48,0,False,0,19,48,0,False
2024-01-03,P011,WH1,8,0,8,14,0,False,0,8,14,0,False
2024-01-03,P012,WH1,3,0,3,26,0,False,0,3,26,0,False
2024-01-03,P013,WH1,1,0,1,24,0,False,0,1,24,0,False
2024-01-03,P014,WH1,3,0,3,29,0,False,0,3,29,0,False
2024-01-03,P015,WH1,0,0,0,24,0,False,0,0,24,0,False
2024-01-04,P001,WH1,26,0,26,155,0,False,0,26,155,0,False
2024-01-04,P002,WH1,33,0,33,154,0,False,0,33,154,0,False
2024-01-04,P003,WH1,8,0,8,177,0,False,0,8,177,0,False
2024-01-04,P004,WH1,34,0,34,164,0,False,0,34,164,0,False
2024-01-04,P005,WH1,19,0,19,171,0,False,0,19,171,0,False
2024-01-04,P006,WH1,10,0,10,36,0,False,0,10,36,0,False
2024-01-04,P007,WH1,5,0,5,48,0,False,0,5,48,0,False
2024-01-04,P008,WH1,12,0,12,39,0,False,0,12,39,0,False
2024-01-04,P009,WH1,13,0,13,31,0,False,0,13,31,0,False
2024-01-04,P010,WH1,13,0,13,35,0,False,0,13,35,0,False
2024-01-04,P011,WH1,2,0,2,12,0,False,0,2,12,0,False
2024-01-04,P012,WH1,0,0,0,26,0,False,0,0,26,0,False
2024-01-04,P013,WH1,9,0,9,15,0,False,0,9,15,0,False
2024-01-04,P014,WH1,0,0,0,29,0,False,0,0,29,0,False
2024-01-04,P015,WH1,4,0,4,20,0,False,0,4,20,0,False
2024-01-05,P001,WH1,39,0,39,116,0,False,0,39,116,0,False
2024-01-05,P002,WH1,31,0,31,123,0,False,0,31,123,0,False
2024-01-05,P003,WH1,22,0,22,155,0,False,0,22,155,0,False
2024-01-05,P004,WH1,13,0,13,151,0,False,0,13,151,0,False
2024-01-05,P005,WH1,43,0,43,128,0,False,0,43,128,0,False
2024-01-05,P006,WH1,4,0,4,32,0,False,0,4,32,0,False
2024-01-05,P007,WH1,27,0,27,21,0,False,0,27,21,0,False
2024-01-05,P008,WH1,15,0,15,24,0,False,0,15,24,0,False
2024-01-05,P009,WH1,12,0,12,19,0,False,0,12,19,0,False
2024-01-05,P010,WH1,11,0,11,24,0,False,0,11,24,0,False
2024-01-05,P011,WH1,3,0,3,9,0,False,0,3,9,0,False
2024-01-05,P012,WH1,0,0,0,26,0,False,0,0,26,0,False
2024-01-05,P013,WH1,0,0,0,15,0,False,0,0,15,0,False
2024-01-05,P014,WH1,8,0,8,21,0,False,0,8,21,0,False
2024-01-05,P015,WH1,11,0,11,9,0,False,0,11,9,0,False
2024-01-06,P001,WH1,26,0,26,90,0,False,0,26,90,0,False
2024-01-06,P002,WH1,20,0,20,103,0,False,0,20,103,0,False
2024-01-06,P003,WH1,1,0,1,154,0,False,0,1,154,0,False
2024-01-06,P004,WH1,0,0,0,151,0,False,0,0,151,0,False
2024-01-06,P005,WH1,31,0,31,97,0,False,0,31,97,0,False
2024-01-06,P006,WH1,4,0,4,28,0,False,0,4,28,0,False
2024-01-06,P007,WH1,9,0,9,12,0,False,0,9,12,0,False
2024-01-06,P008,WH1,13,0,13,11,0,False,0,13,11,0,False
2024-01-06,P009,WH1,0,0,0,19,0,False,0,0,19,0,False
2024-01-06,P010,WH1,13,0,13,11,0,False,0,13,11,0,False
2024-01-06,P011,WH1,5,0,5,4,0,False,0,5,4,0,False
2024-01-06,P012,WH1,2,0,2,24,0,False,0,2,24,0,False
2024-01-06,P013,WH1,14,0,14,1,0,False,0,14,1,0,False
2024-01-06,P014,WH1,3,0,3,18,0,False,0,3,18,0,False
2024-01-06,P015,WH1,2,0,2,7,0,False,0,2,7,0,False
2024-01-07,P001,WH1,26,0,26,64,0,False,0,26,64,0,False
2024-01-07,P002,WH1,22,0,22,81,0,False,0,22,81,0,False
2024-01-07,P003,WH1,24,0,24,130,0,False,0,24,130,0,False
2024-01-07,P004,WH1,10,0,10,141,0,False,0,10,141,0,False
2024-01-07,P005,WH1,31,0,31,66,0,False,0,31,66,0,False
2024-01-07,P006,WH1,14,0,14,14,0,False,0,14,14,0,False
2024-01-07,P007,WH1,14,0,12,0,2,True,0,12,0,2,True
2024-01-07,P008,WH1,12,0,11,0,1,True,0,11,0,1,True
2024-01-07,P009,WH1,6,0,6,13,0,False,0,6,13,0,False
2024-01-07,P010,WH1,20,0,11,0,9,True,0,11,0,9,True
2024-01-07,P011,WH1,4,0,4,0,0,False,40,4,40,0,False
2024-01-07,P012,WH1,11,0,11,13,0,False,0,11,13,0,False
2024-01-07,P013,WH1,0,0,0,1,0,False,0,0,1,0,False
2024-01-07,P014,WH1,8,0,8,10,0,False,0,8,10,0,False
2024-01-07,P015,WH1,5,0,5,2,0,False,0,5,2,0,False
2024-01-08,P001,WH1,32,170,32,202,0,False,0,32,32,0,False
2024-01-08,P002,WH1,12,170,12,239,0,False,0,12,69,0,False
2024-01-08,P003,WH1,15,130,15,245,0,False,0,15,115,0,False
2024-01-08,P004,WH1,4,160,4,297,0,False,0,4,137,0,False
2024-01-08,P005,WH1,24,140,24,182,0,False,0,24,42,0,False
2024-01-08,P006,WH1,3,80,3,91,0,False,0,3,11,0,False
2024-01-08,P007,WH1,14,60,14,46,0,False,80,14,66,0,False
2024-01-08,P008,WH1,0,70,0,70,0,False,80,0,80,0,False
2024-01-08,P009,WH1,10,90,10,93,0,False,80,10,83,0,False
2024-01-08,P010,WH1,10,80,10,70,0,False,80,10,70,0,False
2024-01-08,P011,WH1,5,50,5,45,0,False,0,5,35,0,False
2024-01-08,P012,WH1,1,30,1,42,0,False,0,1,12,0,False
2024-01-08,P013,WH1,2,50,2,49,0,False,0,1,0,1,True
2024-01-08,P014,WH1,7,30,7,33,0,False,0,7,3,0,False
2024-01-08,P015,WH1,14,40,14,28,0,False,40,14,28,0,False
2024-01-09,P001,WH1,17,0,17,185,0,False,0,17,15,0,False
2024-01-09,P002,WH1,30,0,30,209,0,False,0,30,39,0,False
2024-01-09,P003,WH1,0,0,0,245,0,False,0,0,115,0,False
2024-01-09,P004,WH1,5,0,5,292,0,False,0,5,132,0,False
2024-01-09,P005,WH1,23,0,23,159,0,False,0,23,19,0,False
2024-01-09,P006,WH1,1,0,1,90,0,False,0,1,10,0,False
2024-01-09,P007,WH1,2,0,2,44,0,False,0,2,64,0,False
2024-01-09,P008,WH1,6,0,6,64,0,False,0,6,74,0,False
2024-01-09,P009,WH1,0,0,0,93,0,False,0,0,83,0,False
2024-01-09,P010,WH1,11,0,11,59,0,False,0,11,59,0,False
2024-01-09,P011,WH1,4,0,4,41,0,False,0,4,31,0,False
2024-01-09,P012,WH1,4,0,4,38,0,False,0,4,8,0,False
2024-01-09,P013,WH1,0,0,0,49,0,False,40,0,40,0,False
2024-01-09,P014,WH1,1,0,1,32,0,False,0,1,2,0,False
2024-01-09,P015,WH1,7,0,7,21,0,False,0,7,21,0,False
2024-01-10,P001,WH1,10,0,10,175,0,False,250,10,255,0,False
2024-01-10,P002,WH1,5,0,5,204,0,False,250,5,284,0,False
2024-01-10,P003,WH1,8,0,8,237,0,False,0,8,107,0,False
2024-01-10,P004,WH1,21,0,21,271,0,False,0,21,111,0,False
2024-01-10,P005,WH1,5,0,5,154,0,False,250,5,264,0,False
2024-01-10,P006,WH1,13,0,13,77,0,False,80,13,77,0,False
2024-01-10,P007,WH1,12,0,12,32,0,False,0,12,52,0,False
2024-01-10,P008,WH1,8,0,8,56,0,False,0,8,66,0,False
2024-01-10,P009,WH1,14,0,14,79,0,False,0,14,69,0,False
2024-01-10,P010,WH1,9,0,9,50,0,False,0,9,50,0,False
2024-01-10,P011,WH1,3,0,3,38,0,False,0,3,28,0,False
2024-01-10,P012,WH1,1,0,1,37,0,False,40,1,47,0,False
2024-01-10,P013,WH1,8,0,8,41,0,False,0,8,32,0,False
2024-01-10,P014,WH1,4,0,4,28,0,False,40,4,38,0,False
2024-01-10,P015,WH1,1,0,1,20,0,False,0,1,20,0,False
2024-01-11,P001,WH1,8,0,8,167,0,False,0,8,247,0,False
2024-01-11,P002,WH1,19,0,19,185,0,False,0,19,265,0,False
2024-01-11,P003,WH1,37,0,37,200,0,False,0,37,70,0,False
2024-01-11,P004,WH1,13,0,13,258,0,False,0,13,98,0,False
2024-01-11,P005,WH1,27,0,27,127,0,False,0,27,237,0,False
2024-01-11,P006,WH1,2,0,2,75,0,False,0,2,75,0,False
2024-01-11,P007,WH1,14,0,14,18,0,False,0,14,38,0,False
2024-01-11,P008,WH1,3,0,3,53,0,False,0,3,63,0,False
2024-01-11,P009,WH1,13,0,13,66,0,False,0,13,56,0,False
2024-01-11,P010,WH1,9,0,9,41,0,False,0,9,41,0,False
2024-01-11,P011,WH1,9,0,9,29,0,False,0,9,19,0,False
2024-01-11,P012,WH1,0,0,0,37,0,False,0,0,47,0,False
2024-01-11,P013,WH1,6,0,6,35,0,False,0,6,26,0,False
2024-01-11,P014,WH1,5,0,5,23,0,False,0,5,33,0,False
2024-01-11,P015,WH1,3,0,3,17,0,False,0,3,17,0,False
2024-01-12,P001,WH1,31,0,31,136,0,False,0,31,216,0,False
2024-01-12,P002,WH1,25,0,25,160,0,False,0,25,240,0,False
2024-01-12,P003,WH1,0,0,0,200,0,False,0,0,70,0,False
2024-01-12,P004,WH1,20,0,20,238,0,False,0,20,78,0,False
2024-01-12,P005,WH1,15,0,15,112,0,False,0,15,222,0,False
2024-01-12,P006,WH1,1,0,1,74,0,False,0,1,74,0,False
2024-01-12,P007,WH1,10,0,10,8,0,False,0,10,28,0,False
2024-01-12,P008,WH1,5,0,5,48,0,False,0,5,58,0,False
2024-01-12,P009,WH1,1,0,1,65,0,False,0,1,55,0,False
2024-01-12,P010,WH1,8,0,8,33,0,False,0,8,33,0,False
2024-01-12,P011,WH1,2,0,2,27,0,False,0,2,17,0,False
2024-01-12,P012,WH1,10,0,10,27,0,False,0,10,37,0,False
2024-01-12,P013,WH1,6,0,6,29,0,False,0,6,20,0,False
2024-01-12,P014,WH1,6,0,6,17,0,False,0,6,27,0,False
2024-01-12,P015,WH1,2,0,2,15,0,False,0,2,15,0,False
2024-01-13,P001,WH1,16,0,16,120,0,False,0,16,200,0,False
2024-01-13,P002,WH1,5,0,5,155,0,False,0,5,235,0,False
2024-01-13,P003,WH1,15,0,15,185,0,False,0,15,55,0,False
2024-01-13,P004,WH1,19,0,19,219,0,False,0,19,59,0,False
2024-01-13,P005,WH1,20,0,20,92,0,False,0,20,202,0,False
2024-01-13,P006,WH1,4,0,4,70,0,False,0,4,70,0,False
2024-01-13,P007,WH1,10,0,8,0,2,True,0,10,18,0,False
2024-01-13,P008,WH1,9,0,9,39,0,False,0,9,49,0,False
2024-01-13,P009,WH1,5,0,5,60,0,False,0,5,50,0,False
2024-01-13,P010,WH1,12,0,12,21,0,False,0,12,21,0,False
2024-01-13,P011,WH1,9,0,9,18,0,False,0,9,8,0,False
2024-01-13,P012,WH1,5,0,5,22,0,False,0,5,32,0,False
2024-01-13,P013,WH1,1,0,1,28,0,False,0,1,19,0,False
2024-01-13,P014,WH1,0,0,0,17,0,False,0,0,27,0,False
2024-01-13,P015,WH1,6,0,6,9,0,False,0,6,9,0,False
2024-01-14,P001,WH1,17,0,17,103,0,False,0,17,183,0,False
2024-01-14,P002,WH1,19,0,19,136,0,False,0,19,216,0,False
2024-01-14,P003,WH1,9,0,9,176,0,False,250,9,296,0,False
2024-01-14,P004,WH1,25,0,25,194,0,False,0,25,34,0,False
2024-01-14,P005,WH1,23,0,23,69,0,False,0,23,179,0,False
2024-01-14,P006,WH1,10,0,10,60,0,False,0,10,60,0,False
2024-01-14,P007,WH1,3,0,0,0,3,True,0,3,15,0,False
2024-01-14,P008,WH1,11,0,11,28,0,False,0,11,38,0,False
2024-01-14,P009,WH1,7,0,7,53,0,False,0,7,43,0,False
2024-01-14,P010,WH1,4,0,4,17,0,False,0,4,17,0,False
2024-01-14,P011,WH1,0,0,0,18,0,False,0,0,8,0,False
2024-01-14,P012,WH1,1,0,1,21,0,False,0,1,31,0,False
2024-01-14,P013,WH1,13,0,13,15,0,False,0,13,6,0,False
2024-01-14,P014,WH1,12,0,12,5,0,False,0,12,15,0,False
2024-01-14,P015,WH1,4,0,4,5,0,False,0,4,5,0,False
2024-01-15,P001,WH1,23,170,23,250,0,False,0,23,160,0,False
2024-01-15,P002,WH1,46,140,46,230,0,False,0,46,170,0,False
2024-01-15,P003,WH1,13,0,13,163,0,False,0,13,283,0,False
2024-01-15,P004,WH1,26,0,26,168,0,False,250,26,258,0,False
2024-01-15,P005,WH1,13,190,13,246,0,False,0,13,166,0,False
2024-01-15,P006,WH1,12,50,12,98,0,False,0,12,48,0,False
2024-01-15,P007,WH1,8,100,8,92,0,False,0,8,7,0,False
2024-01-15,P008,WH1,3,60,3,85,0,False,0,3,35,0,False
2024-01-15,P009,WH1,8,60,8,105,0,False,0,8,35,0,False
2024-01-15,P010,WH1,11,90,11,96,0,False,0,11,6,0,False
2024-01-15,P011,WH1,0,40,0,58,0,False,0,0,8,0,False
2024-01-15,P012,WH1,0,30,0,51,0,False,0,0,31,0,False
2024-01-15,P013,WH1,3,30,3,42,0,False,0,3,3,0,False
2024-01-15,P014,WH1,2,40,2,43,0,False,0,2,13,0,False
2024-01-15,P015,WH1,1,50,1,54,0,False,0,1,4,0,False
2024-01-16,P001,WH1,16,0,16,234,0,False,0,16,144,0,False
2024-01-16,P002,WH1,2,0,2,228,0,False,0,2,168,0,False
2024-01-16,P003,WH1,20,0,20,143,0,False,0,20,263,0,False
2024-01-16,P004,WH1,24,0,24,144,0,False,0,24,234,0,False
2024-01-16,P005,WH1,13,0,13,233,0,False,0,13,153,0,False
2024-01-16,P006,WH1,4,0,4,94,0,False,0,4,44,0,False
2024-01-16,P007,WH1,0,0,0,92,0,False,80,0,87,0,False
2024-01-16,P008,WH1,13,0,13,72,0,False,0,13,22,0,False
2024-01-16,P009,WH1,7,0,7,98,0,False,0,7,28,0,False
2024-01-16,P010,WH1,8,0,8,88,0,False,80,8,78,0,False
2024-01-16,P011,WH1,1,0,1,57,0,False,40,1,47,0,False
2024-01-16,P012,WH1,10,0,10,41,0,False,0,10,21,0,False
2024-01-16,P013,WH1,21,0,21,21,0,False,0,3,0,18,True
2024-01-16,P014,WH1,0,0,0,43,0,False,0,0,13,0,False
2024-01-16,P015,WH1,3,0,3,51,0,False,40,3,41,0,False
2024-01-17,P001,WH1,12,0,12,222,0,False,0,12,132,0,False
2024-01-17,P002,WH1,14,0,14,214,0,False,0,14,154,0,False
2024-01-17,P003,WH1,21,0,21,122,0,False,0,21,242,0,False
2024-01-17,P004,WH1,1,0,1,143,0,False,0,1,233,0,False
2024-01-17,P005,WH1,13,0,13,220,0,False,0,13,140,0,False
2024-01-17,P006,WH1,16,0,16,78,0,False,0,16,28,0,False
2024-01-17,P007,WH1,0,0,0,92,0,False,0,0,87,0,False
2024-01-17,P008,WH1,11,0,11,61,0,False,0,11,11,0,False
2024-01-17,P009,WH1,3,0,3,95,0,False,0,3,25,0,False
2024-01-17,P010,WH1,1,0,1,87,0,False,0,1,77,0,False
2024-01-17,P011,WH1,0,0,0,57,0,False,0,0,47,0,False
2024-01-17,P012,WH1,0,0,0,41,0,False,0,0,21,0,False
2024-01-17,P013,WH1,0,0,0,21,0,False,40,0,40,0,False
2024-01-17,P014,WH1,6,0,6,37,0,False,0,6,7,0,False
2024-01-17,P015,WH1,7,0,7,44,0,False,0,7,34,0,False
2024-01-18,P001,WH1,28,0,28,194,0,False,0,28,104,0,False
2024-01-18,P002,WH1,14,0,14,200,0,False,0,14,140,0,False
2024-01-18,P003,WH1,23,0,23,99,0,False,0,23,219,0,False
2024-01-18,P004,WH1,9,0,9,134,0,False,0,9,224,0,False
2024-01-18,P005,WH1,31,0,31,189,0,False,0,31,109,0,False
2024-01-18,P006,WH1,4,0,4,74,0,False,0,4,24,0,False
2024-01-18,P007,WH1,5,0,5,87,0,False,0,5,82,0,False
2024-01-18,P008,WH1,6,0,6,55,0,False,0,6,5,0,False
2024-01-18,P009,WH1,10,0,10,85,0,False,0,10,15,0,False
2024-01-18,P010,WH1,14,0,14,73,0,False,0,14,63,0,False
2024-01-18,P011,WH1,3,0,3,54,0,False,0,3,44,0,False
2024-01-18,P012,WH1,22,0,22,19,0,False,0,21,0,1,True
2024-01-18,P013,WH1,7,0,7,14,0,False,0,7,33,0,False
2024-01-18,P014,WH1,1,0,1,36,0,False,40,1,46,0,False
2024-01-18,P015,WH1,12,0,12,32,0,False,0,12,22,0,False
2024-01-19,P001,WH1,27,0,27,167,0,False,0,27,77,0,False
2024-01-19,P002,WH1,14,0,14,186,0,False,0,14,126,0,False
2024-01-19,P003,WH1,42,0,42,57,0,False,0,42,177,0,False
2024-01-19,P004,WH1,19,0,19,115,0,False,0,19,205,0,False
2024-01-19,P005,WH1,14,0,14,175,0,False,0,14,95,0,False
2024-01-19,P006,WH1,10,0,10,64,0,False,0,10,14,0,False
2024-01-19,P007,WH1,9,0,9,78,0,False,0,9,73,0,False
2024-01-19,P008,WH1,13,0,13,42,0,False,80,13,72,0,False
2024-01-19,P009,WH1,7,0,7,78,0,False,0,7,8,0,False
2024-01-19,P010,WH1,9,0,9,64,0,False,0,9,54,0,False
2024-01-19,P011,WH1,6,0,6,48,0,False,0,6,38,0,False
2024-01-19,P012,WH1,13,0,13,6,0,False,0,0,0,13,True
2024-01-19,P013,WH1,2,0,2,12,0,False,0,2,31,0,False
2024-01-19,P014,WH1,0,0,0,36,0,False,0,0,46,0,False
2024-01-19,P015,WH1,4,0,4,28,0,False,0,4,18,0,False
2024-01-20,P001,WH1,18,0,18,149,0,False,0,18,59,0,False
2024-01-20,P002,WH1,15,0,15,171,0,False,0,15,111,0,False
2024-01-20,P003,WH1,24,0,24,33,0,False,0,24,153,0,False
2024-01-20,P004,WH1,13,0,13,102,0,False,0,13,192,0,False
2024-01-20,P005,WH1,23,0,23,152,0,False,0,23,72,0,False
2024-01-20,P006,WH1,8,0,8,56,0,False,0,8,6,0,False
2024-01-20,P007,WH1,10,0,10,68,0,False,0,10,63,0,False
2024-01-20,P008,WH1,5,0,5,37,0,False,0,5,67,0,False
2024-01-20,P009,WH1,9,0,9,69,0,False,80,9,79,0,False
2024-01-20,P010,WH1,13,0,13,51,0,False,0,13,41,0,False
2024-01-20,P011,WH1,6,0,6,42,0,False,0,6,32,0,False
2024-01-20,P012,WH1,0,0,0,6,0,False,0,0,0,0,False
2024-01-20,P013,WH1,2,0,2,10,0,False,0,2,29,0,False
2024-01-20,P014,WH1,5,0,5,31,0,False,0,5,41,0,False
2024-01-20,P015,WH1,5,0,5,23,0,False,0,5,13,0,False
2024-01-21,P001,WH1,31,0,31,118,0,False,0,31,28,0,False
2024-01-21,P002,WH1,23,0,23,148,0,False,0,23,88,0,False
2024-01-21,P003,WH1,0,0,0,33,0,False,0,0,153,0,False
2024-01-21,P004,WH1,32,0,32,70,0,False,0,32,160,0,False
2024-01-21,P005,WH1,19,0,19,133,0,False,0,19,53,0,False
2024-01-21,P006,WH1,9,0,9,47,0,False,80,9,77,0,False
2024-01-21,P007,WH1,8,0,8,60,0,False,0,8,55,0,False
2024-01-21,P008,WH1,7,0,7,30,0,False,0,7,60,0,False
2024-01-21,P009,WH1,4,0,4,65,0,False,0,4,75,0,False
2024-01-21,P010,WH1,14,0,14,37,0,False,0,14,27,0,False
2024-01-21,P011,WH1,6,0,6,36,0,False,0,6,26,0,False
2024-01-21,P012,WH1,1,0,1,5,0,False,40,1,39,0,False
2024-01-21,P013,WH1,6,0,6,4,0,False,0,6,23,0,False
2024-01-21,P014,WH1,10,0,10,21,0,False,0,10,31,0,False
2024-01-21,P015,WH1,5,0,5,18,0,False,0,5,8,0,False
2024-01-22,P001,WH1,41,140,41,217,0,False,250,41,237,0,False
2024-01-22,P002,WH1,18,130,18,260,0,False,0,18,70,0,False
2024-01-22,P003,WH1,15,100,15,118,0,False,0,15,138,0,False
2024-01-22,P004,WH1,12,130,12,188,0,False,0,12,148,0,False
2024-01-22,P005,WH1,7,130,7,256,0,False,0,7,46,0,False
2024-01-22,P006,WH1,2,50,2,95,0,False,0,2,75,0,False
2024-01-22,P007,WH1,7,0,7,53,0,False,0,7,48,0,False
2024-01-22,P008,WH1,4,60,4,86,0,False,0,4,56,0,False
2024-01-22,P009,WH1,9,0,9,56,0,False,0,9,66,0,False
2024-01-22,P010,WH1,3,60,3,94,0,False,0,3,24,0,False
2024-01-22,P011,WH1,2,0,2,34,0,False,0,2,24,0,False
2024-01-22,P012,WH1,7,50,7,48,0,False,0,7,32,0,False
2024-01-22,P013,WH1,5,50,5,49,0,False,0,5,18,0,False
2024-01-22,P014,WH1,12,30,12,39,0,False,0,12,19,0,False
2024-01-22,P015,WH1,10,40,10,48,0,False,0,8,0,2,True
2024-01-23,P001,WH1,4,0,4,213,0,False,0,4,233,0,False
2024-01-23,P002,WH1,5,0,5,255,0,False,0,5,65,0,False
2024-01-23,P003,WH1,17,0,17,101,0,False,0,17,121,0,False
2024-01-23,P004,WH1,17,0,17,171,0,False,0,17,131,0,False
2024-01-23,P005,WH1,14,0,14,242,0,False,250,14,282,0,False
2024-01-23,P006,WH1,1,0,1,94,0,False,0,1,74,0,False
2024-01-23,P007,WH1,6,0,6,47,0,False,0,6,42,0,False
2024-01-23,P008,WH1,13,0,13,73,0,False,0,13,43,0,False
2024-01-23,P009,WH1,10,0,10,46,0,False,0,10,56,0,False
2024-01-23,P010,WH1,9,0,9,85,0,False,0,9,15,0,False
2024-01-23,P011,WH1,7,0,7,27,0,False,0,7,17,0,False
2024-01-23,P012,WH1,1,0,1,47,0,False,0,1,31,0,False
2024-01-23,P013,WH1,3,0,3,46,0,False,0,3,15,0,False
2024-01-23,P014,WH1,3,0,3,36,0,False,0,3,16,0,False
2024-01-23,P015,WH1,8,0,8,40,0,False,40,8,32,0,False
2024-01-24,P001,WH1,21,0,21,192,0,False,0,21,212,0,False
2024-01-24,P002,WH1,23,0,23,232,0,False,0,23,42,0,False
2024-01-24,P003,WH1,21,0,21,80,0,False,0,21,100,0,False
2024-01-24,P004,WH1,23,0,23,148,0,False,0,23,108,0,False
2024-01-24,P005,WH1,18,0,18,224,0,False,0,18,264,0,False
2024-01-24,P006,WH1,1,0,1,93,0,False,0,1,73,0,False
2024-01-24,P007,WH1,3,0,3,44,0,False,0,3,39,0,False
2024-01-24,P008,WH1,8,0,8,65,0,False,0,8,35,0,False
2024-01-24,P009,WH1,2,0,2,44,0,False,0,2,54,0,False
2024-01-24,P010,WH1,3,0,3,82,0,False,80,3,92,0,False
2024-01-24,P011,WH1,0,0,0,27,0,False,0,0,17,0,False
2024-01-24,P012,WH1,2,0,2,45,0,False,0,2,29,0,False
2024-01-24,P013,WH1,4,0,4,42,0,False,0,4,11,0,False
2024-01-24,P014,WH1,0,0,0,36,0,False,0,0,16,0,False
2024-01-24,P015,WH1,4,0,4,36,0,False,0,4,28,0,False
2024-01-25,P001,WH1,15,0,15,177,0,False,0,15,197,0,False
2024-01-25,P002,WH1,18,0,18,214,0,False,250,18,274,0,False
2024-01-25,P003,WH1,24,0,24,56,0,False,0,24,76,0,False
2024-01-25,P004,WH1,5,0,5,143,0,False,0,5,103,0,False
2024-01-25,P005,WH1,15,0,15,209,0,False,0,15,249,0,False
2024-01-25,P006,WH1,1,0,1,92,0,False,0,1,72,0,False
2024-01-25,P007,WH1,9,0,9,35,0,False,0,9,30,0,False
2024-01-25,P008,WH1,3,0,3,62,0,False,0,3,32,0,False
2024-01-25,P009,WH1,3,0,3,41,0,False,0,3,51,0,False
2024-01-25,P010,WH1,7,0,7,75,0,False,0,7,85,0,False
2024-01-25,P011,WH1,1,0,1,26,0,False,0,1,16,0,False
2024-01-25,P012,WH1,3,0,3,42,0,False,0,3,26,0,False
2024-01-25,P013,WH1,1,0,1,41,0,False,0,1,10,0,False
2024-01-25,P014,WH1,3,0,3,33,0,False,0,3,13,0,False
2024-01-25,P015,WH1,5,0,5,31,0,False,0,5,23,0,False
2024-01-26,P001,WH1,16,0,16,161,0,False,0,16,181,0,False
2024-01-26,P002,WH1,17,0,17,197,0,False,0,17,257,0,False
2024-01-26,P003,WH1,8,0,8,48,0,False,0,8,68,0,False
2024-01-26,P004,WH1,20,0,20,123,0,False,0,20,83,0,False
2024-01-26,P005,WH1,17,0,17,192,0,False,0,17,232,0,False
2024-01-26,P006,WH1,9,0,9,83,0,False,0,9,63,0,False
2024-01-26,P007,WH1,4,0,4,31,0,False,0,4,26,0,False
2024-01-26,P008,WH1,7,0,7,55,0,False,0,7,25,0,False
2024-01-26,P009,WH1,0,0,0,41,0,False,0,0,51,0,False
2024-01-26,P010,WH1,0,0,0,75,0,False,0,0,85,0,False
2024-01-26,P011,WH1,2,0,2,24,0,False,0,2,14,0,False
2024-01-26,P012,WH1,7,0,7,35,0,False,0,7,19,0,False
2024-01-26,P013,WH1,0,0,0,41,0,False,0,0,10,0,False
2024-01-26,P014,WH1,10,0,10,23,0,False,0,10,3,0,False
2024-01-26,P015,WH1,0,0,0,31,0,False,0,0,23,0,False
2024-01-27,P001,WH1,15,0,15,146,0,False,0,15,166,0,False
2024-01-27,P002,WH1,18,0,18,179,0,False,0,18,239,0,False
2024-01-27,P003,WH1,13,0,13,35,0,False,0,13,55,0,False
2024-01-27,P004,WH1,10,0,10,113,0,False,0,10,73,0,False
2024-01-27,P005,WH1,16,0,16,176,0,False,0,16,216,0,False
2024-01-27,P006,WH1,2,0,2,81,0,False,0,2,61,0,False
2024-01-27,P007,WH1,4,0,4,27,0,False,0,4,22,0,False
2024-01-27,P008,WH1,8,0,8,47,0,False,0,8,17,0,False
2024-01-27,P009,WH1,0,0,0,41,0,False,0,0,51,0,False
2024-01-27,P010,WH1,5,0,5,70,0,False,0,5,80,0,False
2024-01-27,P011,WH1,3,0,3,21,0,False,0,3,11,0,False
2024-01-27,P012,WH1,7,0,7,28,0,False,0,7,12,0,False
2024-01-27,P013,WH1,5,0,5,36,0,False,40,5,45,0,False
2024-01-27,P014,WH1,6,0,6,17,0,False,0,3,0,3,True
2024-01-27,P015,WH1,3,0,3,28,0,False,0,3,20,0,False
2024-01-28,P001,WH1,5,0,5,141,0,False,0,5,161,0,False
2024-01-28,P002,WH1,8,0,8,171,0,False,0,8,231,0,False
2024-01-28,P003,WH1,21,0,21,14,0,False,250,21,284,0,False
2024-01-28,P004,WH1,14,0,14,99,0,False,0,14,59,0,False
2024-01-28,P005,WH1,26,0,26,150,0,False,0,26,190,0,False
2024-01-28,P006,WH1,1,0,1,80,0,False,0,1,60,0,False
2024-01-28,P007,WH1,3,0,3,24,0,False,0,3,19,0,False
2024-01-28,P008,WH1,13,0,13,34,0,False,0,13,4,0,False
2024-01-28,P009,WH1,3,0,3,38,0,False,0,3,48,0,False
2024-01-28,P010,WH1,6,0,6,64,0,False,0,6,74,0,False
2024-01-28,P011,WH1,0,0,0,21,0,False,0,0,11,0,False
2024-01-28,P012,WH1,1,0,1,27,0,False,0,1,11,0,False
2024-01-28,P013,WH1,3,0,3,33,0,False,0,3,42,0,False
2024-01-28,P014,WH1,2,0,2,15,0,False,40,2,38,0,False
2024-01-28,P015,WH1,2,0,2,26,0,False,0,2,18,0,False
2024-01-29,P001,WH1,20,160,20,281,0,False,0,20,141,0,False
2024-01-29,P002,WH1,13,0,13,158,0,False,0,13,218,0,False
2024-01-29,P003,WH1,12,140,12,142,0,False,0,12,272,0,False
2024-01-29,P004,WH1,20,120,20,199,0,False,250,20,289,0,False
2024-01-29,P005,WH1,9,0,9,141,0,False,0,9,181,0,False
2024-01-29,P006,WH1,0,0,0,80,0,False,0,0,60,0,False
2024-01-29,P007,WH1,7,50,7,67,0,False,80,7,92,0,False
2024-01-29,P008,WH1,1,60,1,93,0,False,80,1,83,0,False
2024-01-29,P009,WH1,8,50,8,80,0,False,0,8,40,0,False
2024-01-29,P010,WH1,5,60,5,119,0,False,0,5,69,0,False
2024-01-29,P011,WH1,0,30,0,51,0,False,0,0,11,0,False
2024-01-29,P012,WH1,3,30,3,54,0,False,0,3,8,0,False
2024-01-29,P013,WH1,0,30,0,63,0,False,0,0,42,0,False
2024-01-29,P014,WH1,3,40,3,52,0,False,0,3,35,0,False
2024-01-29,P015,WH1,0,50,0,76,0,False,0,0,18,0,False
2024-01-30,P001,WH1,16,0,16,265,0,False,0,16,125,0,False
2024-01-30,P002,WH1,7,0,7,151,0,False,0,7,211,0,False
2024-01-30,P003,WH1,12,0,12,130,0,False,0,12,260,0,False
2024-01-30,P004,WH1,13,0,13,186,0,False,0,13,276,0,False
2024-01-30,P005,WH1,8,0,8,133,0,False,0,8,173,0,False
2024-01-30,P006,WH1,6,0,6,74,0,False,0,6,54,0,False
2024-01-30,P007,WH1,14,0,14,53,0,False,0,14,78,0,False
2024-01-30,P008,WH1,6,0,6,87,0,False,0,6,77,0,False
2024-01-30,P009,WH1,11,0,11,69,0,False,0,11,29,0,False
2024-01-30,P010,WH1,0,0,0,119,0,False,0,0,69,0,False
2024-01-30,P011,WH1,9,0,9,42,0,False,40,9,42,0,False
2024-01-30,P012,WH1,4,0,4,50,0,False,40,4,44,0,False
2024-01-30,P013,WH1,4,0,4,59,0,False,0,4,38,0,False
2024-01-30,P014,WH1,5,0,5,47,0,False,0,5,30,0,False
2024-01-30,P015,WH1,0,0,0,76,0,False,0,0,18,0,False
2024-01-31,P001,WH1,12,0,12,253,0,False,0,12,113,0,False
2024-01-31,P002,WH1,22,0,22,129,0,False,0,22,189,0,False
2024-01-31,P003,WH1,3,0,3,127,0,False,0,3,257,0,False
2024-01-31,P004,WH1,13,0,13,173,0,False,0,13,263,0,False
2024-01-31,P005,WH1,7,0,7,126,0,False,0,7,166,0,False
2024-01-31,P006,WH1,9,0,9,65,0,False,0,9,45,0,False
2024-01-31,P007,WH1,5,0,5,48,0,False,0,5,73,0,False
2024-01-31,P008,WH1,4,0,4,83,0,False,0,4,73,0,False
2024-01-31,P009,WH1,2,0,2,67,0,False,0,2,27,0,False
2024-01-31,P010,WH1,4,0,4,115,0,False,0,4,65,0,False
2024-01-31,P011,WH1,5,0,5,37,0,False,0,5,37,0,False
2024-01-31,P012,WH1,0,0,0,50,0,False,0,0,44,0,False
2024-01-31,P013,WH1,7,0,7,52,0,False,0,7,31,0,False
2024-01-31,P014,WH1,4,0,4,43,0,False,0,4,26,0,False
2024-01-31,P015,WH1,3,0,3,73,0,False,0,3,15,0,False
2024-02-01,P001,WH1,25,0,25,228,0,False,0,25,88,0,False
2024-02-01,P002,WH1,20,0,20,109,0,False,0,20,169,0,False
2024-02-01,P003,WH1,22,0,22,105,0,False,0,22,235,0,False
2024-02-01,P004,WH1,31,0,31,142,0,False,0,31,232,0,False
2024-02-01,P005,WH1,8,0,8,118,0,False,0,8,158,0,False
2024-02-01,P006,WH1,6,0,6,59,0,False,0,6,39,0,False
2024-02-01,P007,WH1,12,0,12,36,0,False,0,12,61,0,False
2024-02-01,P008,WH1,10,0,10,73,0,False,0,10,63,0,False
2024-02-01,P009,WH1,21,0,21,46,0,False,0,21,6,0,False
2024-02-01,P010,WH1,7,0,7,108,0,False,0,7,58,0,False
2024-02-01,P011,WH1,1,0,1,36,0,False,0,1,36,0,False
2024-02-01,P012,WH1,0,0,0,50,0,False,0,0,44,0,False
2024-02-01,P013,WH1,5,0,5,47,0,False,0,5,26,0,False
2024-02-01,P014,WH1,1,0,1,42,0,False,0,1,25,0,False
2024-02-01,P015,WH1,7,0,7,66,0,False,0,7,8,0,False
2024-02-02,P001,WH1,13,0,13,215,0,False,0,13,75,0,False
2024-02-02,P002,WH1,22,0,22,87,0,False,0,22,147,0,False
2024-02-02,P003,WH1,19,0,19,86,0,False,0,19,216,0,False
2024-02-02,P004,WH1,25,0,25,117,0,False,0,25,207,0,False
2024-02-02,P005,WH1,17,0,17,101,0,False,0,17,141,0,False
2024-02-02,P006,WH1,8,0,8,51,0,False,0,8,31,0,False
2024-02-02,P007,WH1,16,0,16,20,0,False,0,16,45,0,False
2024-02-02,P008,WH1,10,0,10,63,0,False,0,10,53,0,False
2024-02-02,P009,WH1,10,0,10,36,0,False,0,6,0,4,True
2024-02-02,P010,WH1,13,0,13,95,0,False,0,13,45,0,False
2024-02-02,P011,WH1,7,0,7,29,0,False,0,7,29,0,False
2024-02-02,P012,WH1,8,0,8,42,0,False,0,8,36,0,False
2024-02-02,P013,WH1,11,0,11,36,0,False,0,11,15,0,False
2024-02-02,P014,WH1,6,0,6,36,0,False,0,6,19,0,False
2024-02-02,P015,WH1,9,0,9,57,0,False,0,8,0,1,True
2024-02-03,P001,WH1,54,0,54,161,0,False,0,54,21,0,False
2024-02-03,P002,WH1,42,0,42,45,0,False,0,42,105,0,False
2024-02-03,P003,WH1,10,0,10,76,0,False,0,10,206,0,False
2024-02-03,P004,WH1,24,0,24,93,0,False,0,24,183,0,False
2024-02-03,P005,WH1,16,0,16,85,0,False,0,16,125,0,False
2024-02-03,P006,WH1,16,0,16,35,0,False,0,16,15,0,False
2024-02-03,P007,WH1,17,0,17,3,0,False,0,17,28,0,False
2024-02-03,P008,WH1,1,0,1,62,0,False,0,1,52,0,False
2024-02-03,P009,WH1,0,0,0,36,0,False,80,0,80,0,False
2024-02-03,P010,WH1,10,0,10,85,0,False,0,10,35,0,False
2024-02-03,P011,WH1,13,0,13,16,0,False,0,13,16,0,False
2024-02-03,P012,WH1,10,0,10,32,0,False,0,10,26,0,False
2024-02-03,P013,WH1,3,0,3,33,0,False,0,3,12,0,False
2024-02-03,P014,WH1,3,0,3,33,0,False,0,3,16,0,False
2024-02-03,P015,WH1,0,0,0,57,0,False,0,0,0,0,False
2024-02-04,P001,WH1,15,0,15,146,0,False,0,15,6,0,False
2024-02-04,P002,WH1,13,0,13,32,0,False,0,13,92,0,False
2024-02-04,P003,WH1,16,0,16,60,0,False,0,16,190,0,False
2024-02-04,P004,WH1,14,0,14,79,0,False,0,14,169,0,False
2024-02-04,P005,WH1,42,0,42,43,0,False,0,42,83,0,False
2024-02-04,P006,WH1,5,0,5,30,0,False,0,5,10,0,False
2024-02-04,P007,WH1,9,0,3,0,6,True,0,9,19,0,False
2024-02-04,P008,WH1,12,0,12,50,0,False,0,12,40,0,False
2024-02-04,P009,WH1,16,0,16,20,0,False,0,16,64,0,False
2024-02-04,P010,WH1,3,0,3,82,0,False,0,3,32,0,False
2024-02-04,P011,WH1,7,0,7,9,0,False,0,7,9,0,False
2024-02-04,P012,WH1,5,0,5,27,0,False,0,5,21,0,False
2024-02-04,P013,WH1,19,0,19,14,0,False,0,12,0,7,True
2024-02-04,P014,WH1,3,0,3,30,0,False,0,3,13,0,False
2024-02-04,P015,WH1,3,0,3,54,0,False,40,3,37,0,False
2024-02-05,P001,WH1,32,0,32,114,0,False,250,32,224,0,False
2024-02-05,P002,WH1,10,110,10,132,0,False,0,10,82,0,False
2024-02-05,P003,WH1,7,100,7,153,0,False,0,7,183,0,False
2024-02-05,P004,WH1,28,120,28,171,0,False,0,28,141,0,False
2024-02-05,P005,WH1,17,100,17,126,0,False,0,17,66,0,False
2024-02-05,P006,WH1,15,40,15,55,0,False,0,10,0,5,True
2024-02-05,P007,WH1,15,50,15,35,0,False,0,15,4,0,False
2024-02-05,P008,WH1,10,50,10,90,0,False,0,10,30,0,False
2024-02-05,P009,WH1,13,50,13,57,0,False,0,13,51,0,False
2024-02-05,P010,WH1,8,0,8,74,0,False,0,8,24,0,False
2024-02-05,P011,WH1,0,30,0,39,0,False,0,0,9,0,False
2024-02-05,P012,WH1,6,30,6,51,0,False,0,6,15,0,False
2024-02-05,P013,WH1,3,30,3,41,0,False,0,0,0,3,True
2024-02-05,P014,WH1,3,30,3,57,0,False,0,3,10,0,False
2024-02-05,P015,WH1,3,0,3,51,0,False,0,3,34,0,False
2024-02-06,P001,WH1,28,0,28,86,0,False,0,28,196,0,False
2024-02-06,P002,WH1,15,0,15,117,0,False,0,15,67,0,False
2024-02-06,P003,WH1,0,0,0,153,0,False,0,0,183,0,False
2024-02-06,P004,WH1,9,0,9,162,0,False,0,9,132,0,False
2024-02-06,P005,WH1,24,0,24,102,0,False,0,24,42,0,False
2024-02-06,P006,WH1,10,0,10,45,0,False,80,10,70,0,False
2024-02-06,P007,WH1,11,0,11,24,0,False,0,4,0,7,True
2024-02-06,P008,WH1,13,0,13,77,0,False,0,13,17,0,False
2024-02-06,P009,WH1,15,0,15,42,0,False,0,15,36,0,False
2024-02-06,P010,WH1,12,0,12,62,0,False,0,12,12,0,False
2024-02-06,P011,WH1,11,0,11,28,0,False,0,9,0,2,True
2024-02-06,P012,WH1,3,0,3,48,0,False,0,3,12,0,False
2024-02-06,P013,WH1,0,0,0,41,0,False,40,0,40,0,False
2024-02-06,P014,WH1,0,0,0,57,0,False,0,0,10,0,False
2024-02-06,P015,WH1,4,0,4,47,0,False,0,4,30,0,False
2024-02-07,P001,WH1,32,0,32,54,0,False,0,32,164,0,False
2024-02-07,P002,WH1,15,0,15,102,0,False,0,15,52,0,False
2024-02-07,P003,WH1,0,0,0,153,0,False,0,0,183,0,False
2024-02-07,P004,WH1,23,0,23,139,0,False,0,23,109,0,False
2024-02-07,P005,WH1,28,0,28,74,0,False,250,28,264,0,False
2024-02-07,P006,WH1,4,0,4,41,0,False,0,4,66,0,False
2024-02-07,P007,WH1,19,0,19,5,0,False,80,19,61,0,False
2024-02-07,P008,WH1,6,0,6,71,0,False,0,6,11,0,False
2024-02-07,P009,WH1,11,0,11,31,0,False,0,11,25,0,False
2024-02-07,P010,WH1,5,0,5,57,0,False,0,5,7,0,False
2024-02-07,P011,WH1,2,0,2,26,0,False,40,2,38,0,False
2024-02-07,P012,WH1,10,0,10,38,0,False,0,10,2,0,False
2024-02-07,P013,WH1,5,0,5,36,0,False,0,5,35,0,False
2024-02-07,P014,WH1,10,0,10,47,0,False,40,10,40,0,False
2024-02-07,P015,WH1,1,0,1,46,0,False,0,1,29,0,False
2024-02-08,P001,WH1,39,0,39,15,0,False,0,39,125,0,False
2024-02-08,P002,WH1,6,0,6,96,0,False,250,6,296,0,False
2024-02-08,P003,WH1,19,0,19,134,0,False,0,19,164,0,False
2024-02-08,P004,WH1,31,0,31,108,0,False,0,31,78,0,False
2024-02-08,P005,WH1,23,0,23,51,0,False,0,23,241,0,False
2024-02-08,P006,WH1,21,0,21,20,0,False,0,21,45,0,False
2024-02-08,P007,WH1,9,0,5,0,4,True,0,9,52,0,False
2024-02-08,P008,WH1,13,0,13,58,0,False,0,11,0,2,True
2024-02-08,P009,WH1,7,0,7,24,0,False,0,7,18,0,False
2024-02-08,P010,WH1,12,0,12,45,0,False,80,12,75,0,False
2024-02-08,P011,WH1,6,0,6,20,0,False,0,6,32,0,False
2024-02-08,P012,WH1,0,0,0,38,0,False,0,0,2,0,False
2024-02-08,P013,WH1,2,0,2,34,0,False,0,2,33,0,False
2024-02-08,P014,WH1,0,0,0,47,0,False,0,0,40,0,False
2024-02-08,P015,WH1,8,0,8,38,0,False,0,8,21,0,False
2024-02-09,P001,WH1,36,0,15,0,21,True,0,36,89,0,False
2024-02-09,P002,WH1,34,0,34,62,0,False,0,34,262,0,False
2024-02-09,P003,WH1,17,0,17,117,0,False,0,17,147,0,False
2024-02-09,P004,WH1,32,0,32,76,0,False,0,32,46,0,False
2024-02-09,P005,WH1,18,0,18,33,0,False,0,18,223,0,False
2024-02-09,P006,WH1,8,0,8,12,0,False,0,8,37,0,False
2024-02-09,P007,WH1,3,0,0,0,3,True,0,3,49,0,False
2024-02-09,P008,WH1,6,0,6,52,0,False,80,6,74,0,False
2024-02-09,P009,WH1,0,0,0,24,0,False,0,0,18,0,False
2024-02-09,P010,WH1,5,0,5,40,0,False,0,5,70,0,False
2024-02-09,P011,WH1,1,0,1,19,0,False,0,1,31,0,False
2024-02-09,P012,WH1,1,0,1,37,0,False,40,1,41,0,False
2024-02-09,P013,WH1,2,0,2,32,0,False,0,2,31,0,False
2024-02-09,P014,WH1,5,0,5,42,0,False,0,5,35,0,False
2024-02-09,P015,WH1,3,0,3,35,0,False,0,3,18,0,False
2024-02-10,P001,WH1,14,0,0,0,14,True,0,14,75,0,False
2024-02-10,P002,WH1,26,0,26,36,0,False,0,26,236,0,False
2024-02-10,P003,WH1,11,0,11,106,0,False,0,11,136,0,False
2024-02-10,P004,WH1,17,0,17,59,0,False,0,17,29,0,False
2024-02-10,P005,WH1,23,0,23,10,0,False,0,23,200,0,False
2024-02-10,P006,WH1,7,0,7,5,0,False,0,7,30,0,False
2024-02-10,P007,WH1,5,0,0,0,5,True,0,5,44,0,False
2024-02-10,P008,WH1,8,0,8,44,0,False,0,8,66,0,False
2024-02-10,P009,WH1,12,0,12,12,0,False,80,12,86,0,False
2024-02-10,P010,WH1,6,0,6,34,0,False,0,6,64,0,False
2024-02-10,P011,WH1,0,0,0,19,0,False,0,0,31,0,False
2024-02-10,P012,WH1,2,0,2,35,0,False,0,2,39,0,False
2024-02-10,P013,WH1,0,0,0,32,0,False,0,0,31,0,False
2024-02-10,P014,WH1,0,0,0,42,0,False,0,0,35,0,False
2024-02-10,P015,WH1,18,0,18,17,0,False,0,18,0,0,False
2024-02-11,P001,WH1,15,0,0,0,15,True,0,15,60,0,False
2024-02-11,P002,WH1,30,0,30,6,0,False,0,30,206,0,False
2024-02-11,P003,WH1,20,0,20,86,0,False,0,20,116,0,False
2024-02-11,P004,WH1,21,0,21,38,0,False,250,21,258,0,False
2024-02-11,P005,WH1,19,0,10,0,9,True,0,19,181,0,False
2024-02-11,P006,WH1,0,0,0,5,0,False,0,0,30,0,False
2024-02-11,P007,WH1,8,0,0,0,8,True,0,8,36,0,False
2024-02-11,P008,WH1,11,0,11,33,0,False,0,11,55,0,False
2024-02-11,P009,WH1,5,0,5,7,0,False,0,5,81,0,False
2024-02-11,P010,WH1,8,0,8,26,0,False,0,8,56,0,False
2024-02-11,P011,WH1,2,0,2,17,0,False,0,2,29,0,False
2024-02-11,P012,WH1,1,0,1,34,0,False,0,1,38,0,False
2024-02-11,P013,WH1,5,0,5,27,0,False,0,5,26,0,False
2024-02-11,P014,WH1,0,0,0,42,0,False,0,0,35,0,False
2024-02-11,P015,WH1,7,0,7,10,0,False,0,0,0,7,True
2024-02-12,P001,WH1,26,210,26,184,0,False,0,26,34,0,False
2024-02-12,P002,WH1,34,130,34,102,0,False,0,34,172,0,False
2024-02-12,P003,WH1,14,0,14,72,0,False,0,14,102,0,False
2024-02-12,P004,WH1,15,160,15,183,0,False,0,15,243,0,False
2024-02-12,P005,WH1,23,170,23,147,0,False,0,23,158,0,False
2024-02-12,P006,WH1,10,80,10,75,0,False,0,10,20,0,False
2024-02-12,P007,WH1,17,100,17,83,0,False,0,17,19,0,False
2024-02-12,P008,WH1,15,70,15,88,0,False,0,15,40,0,False
2024-02-12,P009,WH1,11,70,11,66,0,False,0,11,70,0,False
2024-02-12,P010,WH1,10,70,10,86,0,False,0,10,46,0,False
2024-02-12,P011,WH1,0,50,0,67,0,False,0,0,29,0,False
2024-02-12,P012,WH1,6,50,6,78,0,False,0,6,32,0,False
2024-02-12,P013,WH1,0,50,0,77,0,False,0,0,26,0,False
2024-02-12,P014,WH1,5,30,5,67,0,False,0,5,30,0,False
2024-02-12,P015,WH1,0,30,0,40,0,False,0,0,0,0,False
2024-02-13,P001,WH1,21,0,21,163,0,False,250,21,263,0,False
2024-02-13,P002,WH1,25,0,25,77,0,False,0,25,147,0,False
2024-02-13,P003,WH1,26,0,26,46,0,False,0,26,76,0,False
2024-02-13,P004,WH1,19,0,19,164,0,False,0,19,224,0,False
2024-02-13,P005,WH1,22,0,22,125,0,False,0,22,136,0,False
2024-02-13,P006,WH1,9,0,9,66,0,False,0,9,11,0,False
2024-02-13,P007,WH1,10,0,10,73,0,False,0,10,9,0,False
2024-02-13,P008,WH1,10,0,10,78,0,False,0,10,30,0,False
2024-02-13,P009,WH1,12,0,12,54,0,False,0,12,58,0,False
2024-02-13,P010,WH1,6,0,6,80,0,False,0,6,40,0,False
2024-02-13,P011,WH1,3,0,3,64,0,False,0,3,26,0,False
2024-02-13,P012,WH1,0,0,0,78,0,False,0,0,32,0,False
2024-02-13,P013,WH1,17,0,17,60,0,False,0,17,9,0,False
2024-02-13,P014,WH1,0,0,0,67,0,False,0,0,30,0,False
2024-02-13,P015,WH1,8,0,8,32,0,False,40,8,32,0,False
2024-02-14,P001,WH1,20,0,20,143,0,False,0,20,243,0,False
2024-02-14,P002,WH1,9,0,9,68,0,False,0,9,138,0,False
2024-02-14,P003,WH1,13,0,13,33,0,False,0,13,63,0,False
2024-02-14,P004,WH1,17,0,17,147,0,False,0,17,207,0,False
2024-02-14,P005,WH1,9,0,9,116,0,False,0,9,127,0,False
2024-02-14,P006,WH1,5,0,5,61,0,False,0,5,6,0,False
2024-02-14,P007,WH1,10,0,10,63,0,False,0,9,0,1,True
2024-02-14,P008,WH1,16,0,16,62,0,False,0,16,14,0,False
2024-02-14,P009,WH1,7,0,7,47,0,False,0,7,51,0,False
2024-02-14,P010,WH1,15,0,15,65,0,False,0,15,25,0,False
2024-02-14,P011,WH1,0,0,0,64,0,False,0,0,26,0,False
2024-02-14,P012,WH1,4,0,4,74,0,False,0,4,28,0,False
2024-02-14,P013,WH1,5,0,5,55,0,False,0,5,4,0,False
2024-02-14,P014,WH1,4,0,4,63,0,False,0,4,26,0,False
2024-02-14,P015,WH1,5,0,5,27,0,False,0,5,27,0,False
2024-02-15,P001,WH1,22,0,22,121,0,False,0,22,221,0,False
2024-02-15,P002,WH1,19,0,19,49,0,False,0,19,119,0,False
2024-02-15,P003,WH1,21,0,21,12,0,False,0,21,42,0,False
2024-02-15,P004,WH1,18,0,18,129,0,False,0,18,189,0,False
2024-02-15,P005,WH1,24,0,24,92,0,False,0,24,103,0,False
2024-02-15,P006,WH1,8,0,8,53,0,False,80,8,78,0,False
2024-02-15,P007,WH1,14,0,14,49,0,False,80,14,66,0,False
2024-02-15,P008,WH1,11,0,11,51,0,False,0,11,3,0,False
2024-02-15,P009,WH1,6,0,6,41,0,False,0,6,45,0,False
2024-02-15,P010,WH1,10,0,10,55,0,False,0,10,15,0,False
2024-02-15,P011,WH1,8,0,8,56,0,False,0,8,18,0,False
2024-02-15,P012,WH1,0,0,0,74,0,False,0,0,28,0,False
2024-02-15,P013,WH1,17,0,17,38,0,False,0,4,0,13,True
2024-02-15,P014,WH1,2,0,2,61,0,False,0,2,24,0,False
2024-02-15,P015,WH1,5,0,5,22,0,False,0,5,22,0,False
2024-02-16,P001,WH1,36,0,36,85,0,False,0,36,185,0,False
2024-02-16,P002,WH1,15,0,15,34,0,False,0,15,104,0,False
2024-02-16,P003,WH1,21,0,12,0,9,True,250,21,271,0,False
2024-02-16,P004,WH1,42,0,42,87,0,False,0,42,147,0,False
2024-02-16,P005,WH1,11,0,11,81,0,False,0,11,92,0,False
2024-02-16,P006,WH1,10,0,10,43,0,False,0,10,68,0,False
2024-02-16,P007,WH1,11,0,11,38,0,False,0,11,55,0,False
2024-02-16,P008,WH1,14,0,14,37,0,False,0,3,0,11,True
2024-02-16,P009,WH1,6,0,6,35,0,False,0,6,39,0,False
2024-02-16,P010,WH1,0,0,0,55,0,False,0,0,15,0,False
2024-02-16,P011,WH1,0,0,0,56,0,False,0,0,18,0,False
2024-02-16,P012,WH1,1,0,1,73,0,False,0,1,27,0,False
2024-02-16,P013,WH1,1,0,1,37,0,False,40,1,39,0,False
2024-02-16,P014,WH1,1,0,1,60,0,False,0,1,23,0,False
2024-02-16,P015,WH1,9,0,9,13,0,False,0,9,13,0,False
2024-02-17,P001,WH1,10,0,10,75,0,False,0,10,175,0,False
2024-02-17,P002,WH1,16,0,16,18,0,False,0,16,88,0,False
2024-02-17,P003,WH1,19,0,0,0,19,True,0,19,252,0,False
2024-02-17,P004,WH1,18,0,18,69,0,False,0,18,129,0,False
2024-02-17,P005,WH1,17,0,17,64,0,False,0,17,75,0,False
2024-02-17,P006,WH1,13,0,13,30,0,False,0,13,55,0,False
2024-02-17,P007,WH1,12,0,12,26,0,False,0,12,43,0,False
2024-02-17,P008,WH1,5,0,5,32,0,False,80,5,75,0,False
2024-02-17,P009,WH1,1,0,1,34,0,False,0,1,38,0,False
2024-02-17,P010,WH1,10,0,10,45,0,False,80,10,85,0,False
2024-02-17,P011,WH1,1,0,1,55,0,False,0,1,17,0,False
2024-02-17,P012,WH1,2,0,2,71,0,False,0,2,25,0,False
2024-02-17,P013,WH1,0,0,0,37,0,False,0,0,39,0,False
2024-02-17,P014,WH1,12,0,12,48,0,False,0,12,11,0,False
2024-02-17,P015,WH1,10,0,10,3,0,False,0,10,3,0,False
2024-02-18,P001,WH1,18,0,18,57,0,False,0,18,157,0,False
2024-02-18,P002,WH1,22,0,18,0,4,True,0,22,66,0,False
2024-02-18,P003,WH1,17,0,0,0,17,True,0,17,235,0,False
2024-02-18,P004,WH1,24,0,24,45,0,False,0,24,105,0,False
2024-02-18,P005,WH1,29,0,29,35,0,False,0,29,46,0,False
2024-02-18,P006,WH1,13,0,13,17,0,False,0,13,42,0,False
2024-02-18,P007,WH1,11,0,11,15,0,False,0,11,32,0,False
2024-02-18,P008,WH1,9,0,9,23,0,False,0,9,66,0,False
2024-02-18,P009,WH1,3,0,3,31,0,False,0,3,35,0,False
2024-02-18,P010,WH1,2,0,2,43,0,False,0,2,83,0,False
2024-02-18,P011,WH1,5,0,5,50,0,False,0,5,12,0,False
2024-02-18,P012,WH1,7,0,7,64,0,False,0,7,18,0,False
2024-02-18,P013,WH1,0,0,0,37,0,False,0,0,39,0,False
2024-02-18,P014,WH1,4,0,4,44,0,False,0,4,7,0,False
2024-02-18,P015,WH1,6,0,3,0,3,True,0,3,0,3,True
2024-02-19,P001,WH1,16,160,16,201,0,False,0,16,141,0,False
2024-02-19,P002,WH1,23,180,23,157,0,False,0,23,43,0,False
2024-02-19,P003,WH1,15,120,15,105,0,False,0,15,220,0,False
2024-02-19,P004,WH1,10,140,10,175,0,False,0,10,95,0,False
2024-02-19,P005,WH1,17,140,17,158,0,False,0,17,29,0,False
2024-02-19,P006,WH1,13,50,13,54,0,False,0,13,29,0,False
2024-02-19,P007,WH1,18,70,18,67,0,False,0,18,14,0,False
2024-02-19,P008,WH1,6,80,6,97,0,False,0,6,60,0,False
2024-02-19,P009,WH1,15,60,15,76,0,False,0,15,20,0,False
2024-02-19,P010,WH1,9,70,9,104,0,False,0,9,74,0,False
2024-02-19,P011,WH1,2,0,2,48,0,False,0,2,10,0,False
2024-02-19,P012,WH1,4,0,4,60,0,False,0,4,14,0,False
2024-02-19,P013,WH1,0,50,0,87,0,False,0,0,39,0,False
2024-02-19,P014,WH1,7,0,7,37,0,False,0,7,0,0,False
2024-02-19,P015,WH1,1,50,1,49,0,False,40,1,39,0,False
2024-02-20,P001,WH1,23,0,23,178,0,False,0,23,118,0,False
2024-02-20,P002,WH1,9,0,9,148,0,False,0,9,34,0,False
2024-02-20,P003,WH1,26,0,26,79,0,False,0,26,194,0,False
2024-02-20,P004,WH1,26,0,26,149,0,False,0,26,69,0,False
2024-02-20,P005,WH1,22,0,22,136,0,False,250,22,257,0,False
2024-02-20,P006,WH1,4,0,4,50,0,False,0,4,25,0,False
2024-02-20,P007,WH1,17,0,17,50,0,False,0,14,0,3,True
2024-02-20,P008,WH1,5,0,5,92,0,False,0,5,55,0,False
2024-02-20,P009,WH1,5,0,5,71,0,False,0,5,15,0,False
2024-02-20,P010,WH1,10,0,10,94,0,False,0,10,64,0,False
2024-02-20,P011,WH1,5,0,5,43,0,False,0,5,5,0,False
2024-02-20,P012,WH1,3,0,3,57,0,False,0,3,11,0,False
2024-02-20,P013,WH1,0,0,0,87,0,False,0,0,39,0,False
2024-02-20,P014,WH1,0,0,0,37,0,False,40,0,40,0,False
2024-02-20,P015,WH1,1,0,1,48,0,False,0,1,38,0,False
2024-02-21,P001,WH1,22,0,22,156,0,False,0,22,96,0,False
2024-02-21,P002,WH1,35,0,35,113,0,False,250,35,249,0,False
2024-02-21,P003,WH1,12,0,12,67,0,False,0,12,182,0,False
2024-02-21,P004,WH1,1,0,1,148,0,False,0,1,68,0,False
2024-02-21,P005,WH1,8,0,8,128,0,False,0,8,249,0,False
2024-02-21,P006,WH1,9,0,9,41,0,False,0,9,16,0,False
2024-02-21,P007,WH1,6,0,6,44,0,False,0,0,0,6,True
2024-02-21,P008,WH1,2,0,2,90,0,False,0,2,53,0,False
2024-02-21,P009,WH1,6,0,6,65,0,False,0,6,9,0,False
2024-02-21,P010,WH1,4,0,4,90,0,False,0,4,60,0,False
2024-02-21,P011,WH1,4,0,4,39,0,False,40,4,41,0,False
2024-02-21,P012,WH1,7,0,7,50,0,False,0,7,4,0,False
2024-02-21,P013,WH1,2,0,2,85,0,False,0,2,37,0,False
2024-02-21,P014,WH1,3,0,3,34,0,False,0,3,37,0,False
2024-02-21,P015,WH1,1,0,1,47,0,False,0,1,37,0,False
2024-02-22,P001,WH1,5,0,5,151,0,False,0,5,91,0,False
2024-02-22,P002,WH1,17,0,17,96,0,False,0,17,232,0,False
2024-02-22,P003,WH1,13,0,13,54,0,False,0,13,169,0,False
2024-02-22,P004,WH1,6,0,6,142,0,False,0,6,62,0,False
2024-02-22,P005,WH1,8,0,8,120,0,False,0,8,241,0,False
2024-02-22,P006,WH1,8,0,8,33,0,False,0,8,8,0,False
2024-02-22,P007,WH1,6,0,6,38,0,False,80,6,74,0,False
2024-02-22,P008,WH1,9,0,9,81,0,False,0,9,44,0,False
2024-02-22,P009,WH1,12,0,12,53,0,False,80,12,77,0,False
2024-02-22,P010,WH1,8,0,8,82,0,False,0,8,52,0,False
2024-02-22,P011,WH1,4,0,4,35,0,False,0,4,37,0,False
2024-02-22,P012,WH1,2,0,2,48,0,False,0,2,2,0,False
2024-02-22,P013,WH1,0,0,0,85,0,False,0,0,37,0,False
2024-02-22,P014,WH1,2,0,2,32,0,False,0,2,35,0,False
2024-02-22,P015,WH1,0,0,0,47,0,False,0,0,37,0,False
2024-02-23,P001,WH1,12,0,12,139,0,False,0,12,79,0,False
2024-02-23,P002,WH1,9,0,9,87,0,False,0,9,223,0,False
2024-02-23,P003,WH1,10,0,10,44,0,False,0,10,159,0,False
2024-02-23,P004,WH1,7,0,7,135,0,False,250,7,305,0,False
2024-02-23,P005,WH1,7,0,7,113,0,False,0,7,234,0,False
2024-02-23,P006,WH1,4,0,4,29,0,False,80,4,84,0,False
2024-02-23,P007,WH1,9,0,9,29,0,False,0,9,65,0,False
2024-02-23,P008,WH1,9,0,9,72,0,False,0,9,35,0,False
2024-02-23,P009,WH1,3,0,3,50,0,False,0,3,74,0,False
2024-02-23,P010,WH1,1,0,1,81,0,False,0,1,51,0,False
2024-02-23,P011,WH1,3,0,3,32,0,False,0,3,34,0,False
2024-02-23,P012,WH1,2,0,2,46,0,False,40,2,40,0,False
2024-02-23,P013,WH1,4,0,4,81,0,False,0,4,33,0,False
2024-02-23,P014,WH1,3,0,3,29,0,False,0,3,32,0,False
2024-02-23,P015,WH1,5,0,5,42,0,False,0,5,32,0,False
2024-02-24,P001,WH1,7,0,7,132,0,False,0,7,72,0,False
2024-02-24,P002,WH1,11,0,11,76,0,False,0,11,212,0,False
2024-02-24,P003,WH1,14,0,14,30,0,False,0,14,145,0,False
2024-02-24,P004,WH1,27,0,27,108,0,False,0,27,278,0,False
2024-02-24,P005,WH1,7,0,7,106,0,False,0,7,227,0,False
2024-02-24,P006,WH1,11,0,11,18,0,False,0,11,73,0,False
2024-02-24,P007,WH1,4,0,4,25,0,False,0,4,61,0,False
2024-02-24,P008,WH1,12,0,12,60,0,False,0,12,23,0,False
2024-02-24,P009,WH1,5,0,5,45,0,False,0,5,69,0,False
2024-02-24,P010,WH1,6,0,6,75,0,False,0,6,45,0,False
2024-02-24,P011,WH1,6,0,6,26,0,False,0,6,28,0,False
2024-02-24,P012,WH1,6,0,6,40,0,False,0,6,34,0,False
2024-02-24,P013,WH1,0,0,0,81,0,False,0,0,33,0,False
2024-02-24,P014,WH1,2,0,2,27,0,False,0,2,30,0,False
2024-02-24,P015,WH1,0,0,0,42,0,False,0,0,32,0,False
2024-02-25,P001,WH1,13,0,13,119,0,False,0,13,59,0,False
2024-02-25,P002,WH1,12,0,12,64,0,False,0,12,200,0,False
2024-02-25,P003,WH1,25,0,25,5,0,False,0,25,120,0,False
2024-02-25,P004,WH1,8,0,8,100,0,False,0,8,270,0,False
2024-02-25,P005,WH1,19,0,19,87,0,False,0,19,208,0,False
2024-02-25,P006,WH1,9,0,9,9,0,False,0,9,64,0,False
2024-02-25,P007,WH1,18,0,18,7,0,False,0,18,43,0,False
2024-02-25,P008,WH1,4,0,4,56,0,False,0,4,19,0,False
2024-02-25,P009,WH1,6,0,6,39,0,False,0,6,63,0,False
2024-02-25,P010,WH1,5,0,5,70,0,False,0,5,40,0,False
2024-02-25,P011,WH1,0,0,0,26,0,False,0,0,28,0,False
2024-02-25,P012,WH1,7,0,7,33,0,False,0,7,27,0,False
2024-02-25,P013,WH1,5,0,5,76,0,False,0,5,28,0,False
2024-02-25,P014,WH1,14,0,14,13,0,False,0,14,16,0,False
2024-02-25,P015,WH1,2,0,2,40,0,False,0,2,30,0,False
2024-02-26,P001,WH1,0,140,0,259,0,False,250,0,309,0,False
2024-02-26,P002,WH1,18,140,18,186,0,False,0,18,182,0,False
2024-02-26,P003,WH1,18,130,18,117,0,False,0,18,102,0,False
2024-02-26,P004,WH1,17,130,17,213,0,False,0,17,253,0,False
2024-02-26,P005,WH1,24,120,24,183,0,False,0,24,184,0,False
2024-02-26,P006,WH1,6,70,6,73,0,False,0,6,58,0,False
2024-02-26,P007,WH1,0,90,0,97,0,False,0,0,43,0,False
2024-02-26,P008,WH1,7,50,7,99,0,False,0,7,12,0,False
2024-02-26,P009,WH1,1,50,1,88,0,False,0,1,62,0,False
2024-02-26,P010,WH1,14,0,14,56,0,False,0,14,26,0,False
2024-02-26,P011,WH1,3,30,3,53,0,False,0,3,25,0,False
2024-02-26,P012,WH1,0,0,0,33,0,False,0,0,27,0,False
2024-02-26,P013,WH1,1,0,1,75,0,False,0,1,27,0,False
2024-02-26,P014,WH1,2,30,2,41,0,False,0,2,14,0,False
2024-02-26,P015,WH1,2,30,2,68,0,False,0,2,28,0,False
2024-02-27,P001,WH1,19,0,19,240,0,False,0,19,290,0,False
2024-02-27,P002,WH1,26,0,26,160,0,False,0,26,156,0,False
2024-02-27,P003,WH1,23,0,23,94,0,False,0,23,79,0,False
2024-02-27,P004,WH1,14,0,14,199,0,False,0,14,239,0,False
2024-02-27,P005,WH1,14,0,14,169,0,False,0,14,170,0,False
2024-02-27,P006,WH1,6,0,6,67,0,False,0,6,52,0,False
2024-02-27,P007,WH1,9,0,9,88,0,False,0,9,34,0,False
2024-02-27,P008,WH1,10,0,10,89,0,False,80,10,82,0,False
2024-02-27,P009,WH1,11,0,11,77,0,False,0,11,51,0,False
2024-02-27,P010,WH1,2,0,2,54,0,False,0,2,24,0,False
2024-02-27,P011,WH1,1,0,1,52,0,False,0,1,24,0,False
2024-02-27,P012,WH1,7,0,7,26,0,False,0,7,20,0,False
2024-02-27,P013,WH1,4,0,4,71,0,False,0,4,23,0,False
2024-02-27,P014,WH1,0,0,0,41,0,False,0,0,14,0,False
2024-02-27,P015,WH1,1,0,1,67,0,False,0,1,27,0,False
2024-02-28,P001,WH1,14,0,14,226,0,False,0,14,276,0,False
2024-02-28,P002,WH1,12,0,12,148,0,False,0,12,144,0,False
2024-02-28,P003,WH1,16,0,16,78,0,False,0,16,63,0,False
2024-02-28,P004,WH1,20,0,20,179,0,False,0,20,219,0,False
2024-02-28,P005,WH1,20,0,20,149,0,False,0,20,150,0,False
2024-02-28,P006,WH1,9,0,9,58,0,False,0,9,43,0,False
2024-02-28,P007,WH1,7,0,7,81,0,False,0,7,27,0,False
2024-02-28,P008,WH1,4,0,4,85,0,False,0,4,78,0,False
2024-02-28,P009,WH1,3,0,3,74,0,False,0,3,48,0,False
2024-02-28,P010,WH1,10,0,10,44,0,False,0,10,14,0,False
2024-02-28,P011,WH1,0,0,0,52,0,False,0,0,24,0,False
2024-02-28,P012,WH1,8,0,8,18,0,False,0,8,12,0,False
2024-02-28,P013,WH1,6,0,6,65,0,False,0,6,17,0,False
2024-02-28,P014,WH1,4,0,4,37,0,False,0,4,10,0,False
2024-02-28,P015,WH1,3,0,3,64,0,False,0,3,24,0,False
2024-02-29,P001,WH1,14,0,14,212,0,False,0,14,262,0,False
2024-02-29,P002,WH1,12,0,12,136,0,False,0,12,132,0,False
2024-02-29,P003,WH1,23,0,23,55,0,False,0,23,40,0,False
2024-02-29,P004,WH1,15,0,15,164,0,False,0,15,204,0,False
2024-02-29,P005,WH1,3,0,3,146,0,False,0,3,147,0,False
2024-02-29,P006,WH1,10,0,10,48,0,False,0,10,33,0,False
2024-02-29,P007,WH1,6,0,6,75,0,False,0,6,21,0,False
2024-02-29,P008,WH1,1,0,1,84,0,False,0,1,77,0,False
2024-02-29,P009,WH1,9,0,9,65,0,False,0,9,39,0,False
2024-02-29,P010,WH1,8,0,8,36,0,False,80,8,86,0,False
2024-02-29,P011,WH1,1,0,1,51,0,False,0,1,23,0,False
2024-02-29,P012,WH1,3,0,3,15,0,False,0,3,9,0,False
2024-02-29,P013,WH1,4,0,4,61,0,False,0,4,13,0,False
2024-02-29,P014,WH1,10,0,10,27,0,False,0,10,0,0,False
2024-02-29,P015,WH1,7,0,7,57,0,False,0,7,17,0,False
2024-03-01,P001,WH1,9,0,9,203,0,False,0,9,253,0,False
2024-03-01,P002,WH1,29,0,29,107,0,False,0,29,103,0,False
2024-03-01,P003,WH1,21,0,21,34,0,False,250,21,269,0,False
2024-03-01,P004,WH1,57,0,57,107,0,False,0,57,147,0,False
2024-03-01,P005,WH1,42,0,42,104,0,False,0,42,105,0,False
2024-03-01,P006,WH1,14,0,14,34,0,False,0,14,19,0,False
2024-03-01,P007,WH1,16,0,16,59,0,False,0,16,5,0,False
2024-03-01,P008,WH1,8,0,8,76,0,False,0,8,69,0,False
2024-03-01,P009,WH1,16,0,16,49,0,False,0,16,23,0,False
2024-03-01,P010,WH1,8,0,8,28,0,False,0,8,78,0,False
2024-03-01,P011,WH1,5,0,5,46,0,False,0,5,18,0,False
2024-03-01,P012,WH1,16,0,15,0,1,True,0,9,0,7,True
2024-03-01,P013,WH1,2,0,2,59,0,False,0,2,11,0,False
2024-03-01,P014,WH1,10,0,10,17,0,False,0,0,0,10,True
2024-03-01,P015,WH1,0,0,0,57,0,False,0,0,17,0,False
2024-03-02,P001,WH1,28,0,28,175,0,False,0,28,225,0,False
2024-03-02,P002,WH1,31,0,31,76,0,False,0,31,72,0,False
2024-03-02,P003,WH1,0,0,0,34,0,False,0,0,269,0,False
2024-03-02,P004,WH1,29,0,29,78,0,False,0,29,118,0,False
2024-03-02,P005,WH1,51,0,51,53,0,False,0,51,54,0,False
2024-03-02,P006,WH1,10,0,10,24,0,False,0,10,9,0,False
2024-03-02,P007,WH1,16,0,16,43,0,False,80,16,69,0,False
2024-03-02,P008,WH1,15,0,15,61,0,False,0,15,54,0,False
2024-03-02,P009,WH1,9,0,9,40,0,False,0,9,14,0,False
2024-03-02,P010,WH1,13,0,13,15,0,False,0,13,65,0,False
2024-03-02,P011,WH1,2,0,2,44,0,False,0,2,16,0,False
2024-03-02,P012,WH1,7,0,0,0,7,True,40,7,33,0,False
2024-03-02,P013,WH1,2,0,2,57,0,False,0,2,9,0,False
2024-03-02,P014,WH1,4,0,4,13,0,False,40,4,36,0,False
2024-03-02,P015,WH1,14,0,14,43,0,False,0,14,3,0,False
2024-03-03,P001,WH1,16,0,16,159,0,False,0,16,209,0,False
2024-03-03,P002,WH1,19,0,19,57,0,False,0,19,53,0,False
2024-03-03,P003,WH1,35,0,34,0,1,True,0,35,234,0,False
2024-03-03,P004,WH1,0,0,0,78,0,False,0,0,118,0,False
2024-03-03,P005,WH1,16,0,16,37,0,False,0,16,38,0,False
2024-03-03,P006,WH1,11,0,11,13,0,False,0,9,0,2,True
2024-03-03,P007,WH1,5,0,5,38,0,False,0,5,64,0,False
2024-03-03,P008,WH1,5,0,5,56,0,False,0,5,49,0,False
2024-03-03,P009,WH1,14,0,14,26,0,False,0,14,0,0,False
2024-03-03,P010,WH1,9,0,9,6,0,False,0,9,56,0,False
2024-03-03,P011,WH1,3,0,3,41,0,False,0,3,13,0,False
2024-03-03,P012,WH1,3,0,0,0,3,True,0,3,30,0,False
2024-03-03,P013,WH1,3,0,3,54,0,False,40,3,46,0,False
2024-03-03,P014,WH1,2,0,2,11,0,False,0,2,34,0,False
2024-03-03,P015,WH1,13,0,13,30,0,False,0,3,0,10,True
2024-03-04,P001,WH1,27,0,27,132,0,False,0,27,182,0,False
2024-03-04,P002,WH1,27,100,27,130,0,False,0,27,26,0,False
2024-03-04,P003,WH1,28,130,28,102,0,False,0,28,206,0,False
2024-03-04,P004,WH1,20,110,20,168,0,False,0,20,98,0,False
2024-03-04,P005,WH1,14,100,14,123,0,False,0,14,24,0,False
2024-03-04,P006,WH1,11,60,11,62,0,False,80,11,69,0,False
2024-03-04,P007,WH1,8,60,8,90,0,False,0,8,56,0,False
2024-03-04,P008,WH1,11,0,11,45,0,False,0,11,38,0,False
2024-03-04,P009,WH1,16,40,16,50,0,False,80,16,64,0,False
2024-03-04,P010,WH1,17,50,17,39,0,False,0,17,39,0,False
2024-03-04,P011,WH1,3,0,3,38,0,False,0,3,10,0,False
2024-03-04,P012,WH1,6,40,6,34,0,False,0,6,24,0,False
2024-03-04,P013,WH1,3,0,3,51,0,False,0,3,43,0,False
2024-03-04,P014,WH1,16,40,16,35,0,False,0,16,18,0,False
2024-03-04,P015,WH1,3,0,3,27,0,False,0,0,0,3,True
2024-03-05,P001,WH1,24,0,24,108,0,False,0,24,158,0,False
2024-03-05,P002,WH1,15,0,15,115,0,False,250,15,261,0,False
2024-03-05,P003,WH1,31,0,31,71,0,False,0,31,175,0,False
2024-03-05,P004,WH1,16,0,16,152,0,False,0,16,82,0,False
2024-03-05,P005,WH1,23,0,23,100,0,False,250,23,251,0,False
2024-03-05,P006,WH1,9,0,9,53,0,False,0,9,60,0,False
2024-03-05,P007,WH1,15,0,15,75,0,False,0,15,41,0,False
2024-03-05,P008,WH1,4,0,4,41,0,False,0,4,34,0,False
2024-03-05,P009,WH1,10,0,10,40,0,False,0,10,54,0,False
2024-03-05,P010,WH1,10,0,10,29,0,False,0,10,29,0,False
2024-03-05,P011,WH1,3,0,3,35,0,False,0,3,7,0,False
2024-03-05,P012,WH1,8,0,8,26,0,False,0,8,16,0,False
2024-03-05,P013,WH1,6,0,6,45,0,False,0,6,37,0,False
2024-03-05,P014,WH1,7,0,7,28,0,False,0,7,11,0,False
2024-03-05,P015,WH1,2,0,2,25,0,False,40,2,38,0,False
2024-03-06,P001,WH1,24,0,24,84,0,False,0,24,134,0,False
2024-03-06,P002,WH1,27,0,27,88,0,False,0,27,234,0,False
2024-03-06,P003,WH1,17,0,17,54,0,False,0,17,158,0,False
2024-03-06,P004,WH1,30,0,30,122,0,False,0,30,52,0,False
2024-03-06,P005,WH1,26,0,26,74,0,False,0,26,225,0,False
2024-03-06,P006,WH1,7,0,7,46,0,False,0,7,53,0,False
2024-03-06,P007,WH1,18,0,18,57,0,False,0,18,23,0,False
2024-03-06,P008,WH1,8,0,8,33,0,False,0,8,26,0,False
2024-03-06,P009,WH1,6,0,6,34,0,False,0,6,48,0,False
2024-03-06,P010,WH1,9,0,9,20,0,False,0,9,20,0,False
2024-03-06,P011,WH1,9,0,9,26,0,False,40,9,38,0,False
2024-03-06,P012,WH1,7,0,7,19,0,False,0,7,9,0,False
2024-03-06,P013,WH1,8,0,8,37,0,False,0,8,29,0,False
2024-03-06,P014,WH1,0,0,0,28,0,False,0,0,11,0,False
2024-03-06,P015,WH1,18,0,18,7,0,False,0,18,20,0,False
2024-03-07,P001,WH1,11,0,11,73,0,False,0,11,123,0,False
2024-03-07,P002,WH1,28,0,28,60,0,False,0,28,206,0,False
2024-03-07,P003,WH1,0,0,0,54,0,False,0,0,158,0,False
2024-03-07,P004,WH1,41,0,41,81,0,False,0,41,11,0,False
2024-03-07,P005,WH1,39,0,39,35,0,False,0,39,186,0,False
2024-03-07,P006,WH1,5,0,5,41,0,False,0,5,48,0,False
2024-03-07,P007,WH1,10,0,10,47,0,False,0,10,13,0,False
2024-03-07,P008,WH1,19,0,19,14,0,False,0,19,7,0,False
2024-03-07,P009,WH1,15,0,15,19,0,False,0,15,33,0,False
2024-03-07,P010,WH1,12,0,12,8,0,False,0,12,8,0,False
2024-03-07,P011,WH1,1,0,1,25,0,False,0,1,37,0,False
2024-03-07,P012,WH1,6,0,6,13,0,False,0,6,3,0,False
2024-03-07,P013,WH1,8,0,8,29,0,False,0,8,21,0,False
2024-03-07,P014,WH1,0,0,0,28,0,False,0,0,11,0,False
2024-03-07,P015,WH1,0,0,0,7,0,False,0,0,20,0,False
2024-03-08,P001,WH1,0,0,0,73,0,False,0,0,123,0,False
2024-03-08,P002,WH1,17,0,17,43,0,False,0,17,189,0,False
2024-03-08,P003,WH1,22,0,22,32,0,False,0,22,136,0,False
2024-03-08,P004,WH1,13,0,13,68,0,False,250,13,248,0,False
2024-03-08,P005,WH1,7,0,7,28,0,False,0,7,179,0,False
2024-03-08,P006,WH1,3,0,3,38,0,False,0,3,45,0,False
2024-03-08,P007,WH1,9,0,9,38,0,False,0,9,4,0,False
2024-03-08,P008,WH1,6,0,6,8,0,False,0,6,1,0,False
2024-03-08,P009,WH1,19,0,19,0,0,False,0,19,14,0,False
2024-03-08,P010,WH1,8,0,8,0,0,False,0,8,0,0,False
2024-03-08,P011,WH1,4,0,4,21,0,False,0,4,33,0,False
2024-03-08,P012,WH1,5,0,5,8,0,False,0,3,0,2,True
2024-03-08,P013,WH1,7,0,7,22,0,False,0,7,14,0,False
2024-03-08,P014,WH1,1,0,1,27,0,False,40,1,50,0,False
2024-03-08,P015,WH1,6,0,6,1,0,False,0,6,14,0,False
2024-03-09,P001,WH1,37,0,37,36,0,False,0,37,86,0,False
2024-03-09,P002,WH1,20,0,20,23,0,False,0,20,169,0,False
2024-03-09,P003,WH1,21,0,21,11,0,False,0,21,115,0,False
2024-03-09,P004,WH1,20,0,20,48,0,False,0,20,228,0,False
2024-03-09,P005,WH1,31,0,28,0,3,True,0,31,148,0,False
2024-03-09,P006,WH1,6,0,6,32,0,False,0,6,39,0,False
2024-03-09,P007,WH1,9,0,9,29,0,False,80,9,75,0,False
2024-03-09,P008,WH1,6,0,6,2,0,False,80,6,75,0,False
2024-03-09,P009,WH1,8,0,0,0,8,True,0,8,6,0,False
2024-03-09,P010,WH1,6,0,0,0,6,True,80,6,74,0,False
2024-03-09,P011,WH1,4,0,4,17,0,False,0,4,29,0,False
2024-03-09,P012,WH1,13,0,8,0,5,True,40,13,27,0,False
2024-03-09,P013,WH1,10,0,10,12,0,False,0,10,4,0,False
2024-03-09,P014,WH1,4,0,4,23,0,False,0,4,46,0,False
2024-03-09,P015,WH1,2,0,1,0,1,True,0,2,12,0,False
2024-03-10,P001,WH1,13,0,13,23,0,False,0,13,73,0,False
2024-03-10,P002,WH1,39,0,23,0,16,True,0,39,130,0,False
2024-03-10,P003,WH1,24,0,11,0,13,True,0,24,91,0,False
2024-03-10,P004,WH1,12,0,12,36,0,False,0,12,216,0,False
2024-03-10,P005,WH1,19,0,0,0,19,True,0,19,129,0,False
2024-03-10,P006,WH1,16,0,16,16,0,False,0,16,23,0,False
2024-03-10,P007,WH1,0,0,0,29,0,False,0,0,75,0,False
2024-03-10,P008,WH1,5,0,2,0,3,True,0,5,70,0,False
2024-03-10,P009,WH1,1,0,0,0,1,True,0,1,5,0,False
2024-03-10,P010,WH1,11,0,0,0,11,True,0,11,63,0,False
2024-03-10,P011,WH1,2,0,2,15,0,False,0,2,27,0,False
2024-03-10,P012,WH1,4,0,0,0,4,True,0,4,23,0,False
2024-03-10,P013,WH1,1,0,1,11,0,False,0,1,3,0,False
2024-03-10,P014,WH1,1,0,1,22,0,False,0,1,45,0,False
2024-03-10,P015,WH1,3,0,0,0,3,True,0,3,9,0,False
2024-03-11,P001,WH1,6,140,6,157,0,False,0,6,67,0,False
2024-03-11,P002,WH1,20,180,20,160,0,False,0,20,110,0,False
2024-03-11,P003,WH1,13,140,13,127,0,False,0,13,78,0,False
2024-03-11,P004,WH1,10,200,10,226,0,False,0,10,206,0,False
2024-03-11,P005,WH1,22,210,22,188,0,False,0,22,107,0,False
2024-03-11,P006,WH1,16,70,16,70,0,False,0,16,7,0,False
2024-03-11,P007,WH1,7,100,7,122,0,False,0,7,68,0,False
2024-03-11,P008,WH1,0,70,0,70,0,False,0,0,70,0,False
2024-03-11,P009,WH1,6,90,6,84,0,False,80,6,79,0,False
2024-03-11,P010,WH1,16,80,16,64,0,False,0,16,47,0,False
2024-03-11,P011,WH1,1,30,1,44,0,False,0,1,26,0,False
2024-03-11,P012,WH1,2,60,2,58,0,False,0,2,21,0,False
2024-03-11,P013,WH1,9,40,9,42,0,False,0,3,0,6,True
2024-03-11,P014,WH1,5,50,5,67,0,False,0,5,40,0,False
2024-03-11,P015,WH1,2,50,2,48,0,False,0,2,7,0,False
2024-03-12,P001,WH1,36,0,36,121,0,False,250,36,281,0,False
2024-03-12,P002,WH1,6,0,6,154,0,False,0,6,104,0,False
2024-03-12,P003,WH1,14,0,14,113,0,False,0,14,64,0,False
2024-03-12,P004,WH1,20,0,20,206,0,False,0,20,186,0,False
2024-03-12,P005,WH1,5,0,5,183,0,False,0,5,102,0,False
2024-03-12,P006,WH1,7,0,7,63,0,False,0,7,0,0,False
2024-03-12,P007,WH1,4,0,4,118,0,False,0,4,64,0,False
2024-03-12,P008,WH1,22,0,22,48,0,False,0,22,48,0,False
2024-03-12,P009,WH1,7,0,7,77,0,False,0,7,72,0,False
2024-03-12,P010,WH1,5,0,5,59,0,False,0,5,42,0,False
2024-03-12,P011,WH1,4,0,4,40,0,False,0,4,22,0,False
2024-03-12,P012,WH1,8,0,8,50,0,False,0,8,13,0,False
2024-03-12,P013,WH1,5,0,5,37,0,False,40,5,35,0,False
2024-03-12,P014,WH1,4,0,4,63,0,False,0,4,36,0,False
2024-03-12,P015,WH1,2,0,2,46,0,False,40,2,45,0,False
2024-03-13,P001,WH1,10,0,10,111,0,False,0,10,271,0,False
2024-03-13,P002,WH1,21,0,21,133,0,False,0,21,83,0,False
2024-03-13,P003,WH1,22,0,22,91,0,False,0,22,42,0,False
2024-03-13,P004,WH1,12,0,12,194,0,False,0,12,174,0,False
2024-03-13,P005,WH1,22,0,22,161,0,False,0,22,80,0,False
2024-03-13,P006,WH1,13,0,13,50,0,False,80,13,67,0,False
2024-03-13,P007,WH1,7,0,7,111,0,False,0,7,57,0,False
2024-03-13,P008,WH1,6,0,6,42,0,False,0,6,42,0,False
2024-03-13,P009,WH1,5,0,5,72,0,False,0,5,67,0,False
2024-03-13,P010,WH1,5,0,5,54,0,False,0,5,37,0,False
2024-03-13,P011,WH1,0,0,0,40,0,False,0,0,22,0,False
2024-03-13,P012,WH1,3,0,3,47,0,False,0,3,10,0,False
2024-03-13,P013,WH1,3,0,3,34,0,False,0,3,32,0,False
2024-03-13,P014,WH1,1,0,1,62,0,False,0,1,35,0,False
2024-03-13,P015,WH1,2,0,2,44,0,False,0,2,43,0,False
2024-03-14,P001,WH1,25,0,25,86,0,False,0,25,246,0,False
2024-03-14,P002,WH1,10,0,10,123,0,False,0,10,73,0,False
2024-03-14,P003,WH1,24,0,24,67,0,False,250,24,268,0,False
2024-03-14,P004,WH1,4,0,4,190,0,False,0,4,170,0,False
2024-03-14,P005,WH1,17,0,17,144,0,False,0,17,63,0,False
2024-03-14,P006,WH1,0,0,0,50,0,False,0,0,67,0,False
2024-03-14,P007,WH1,12,0,12,99,0,False,0,12,45,0,False
2024-03-14,P008,WH1,10,0,10,32,0,False,0,10,32,0,False
2024-03-14,P009,WH1,18,0,18,54,0,False,0,18,49,0,False
2024-03-14,P010,WH1,5,0,5,49,0,False,0,5,32,0,False
2024-03-14,P011,WH1,0,0,0,40,0,False,0,0,22,0,False
2024-03-14,P012,WH1,7,0,7,40,0,False,0,7,3,0,False
2024-03-14,P013,WH1,1,0,1,33,0,False,0,1,31,0,False
2024-03-14,P014,WH1,3,0,3,59,0,False,0,3,32,0,False
2024-03-14,P015,WH1,8,0,8,36,0,False,0,8,35,0,False
2024-03-15,P001,WH1,16,0,16,70,0,False,0,16,230,0,False
2024-03-15,P002,WH1,23,0,23,100,0,False,0,23,50,0,False
2024-03-15,P003,WH1,17,0,17,50,0,False,0,17,251,0,False
2024-03-15,P004,WH1,19,0,19,171,0,False,0,19,151,0,False
2024-03-15,P005,WH1,33,0,33,111,0,False,0,33,30,0,False
2024-03-15,P006,WH1,5,0,5,45,0,False,0,5,62,0,False
2024-03-15,P007,WH1,11,0,11,88,0,False,0,11,34,0,False
2024-03-15,P008,WH1,5,0,5,27,0,False,0,5,27,0,False
2024-03-15,P009,WH1,5,0,5,49,0,False,0,5,44,0,False
2024-03-15,P010,WH1,9,0,9,40,0,False,0,9,23,0,False
2024-03-15,P011,WH1,4,0,4,36,0,False,0,4,18,0,False
2024-03-15,P012,WH1,6,0,6,34,0,False,40,6,37,0,False
2024-03-15,P013,WH1,1,0,1,32,0,False,0,1,30,0,False
2024-03-15,P014,WH1,1,0,1,58,0,False,0,1,31,0,False
2024-03-15,P015,WH1,0,0,0,36,0,False,0,0,35,0,False
2024-03-16,P001,WH1,35,0,35,35,0,False,0,35,195,0,False
2024-03-16,P002,WH1,28,0,28,72,0,False,250,28,272,0,False
2024-03-16,P003,WH1,4,0,4,46,0,False,0,4,247,0,False
2024-03-16,P004,WH1,22,0,22,149,0,False,0,22,129,0,False
2024-03-16,P005,WH1,41,0,41,70,0,False,250,41,239,0,False
2024-03-16,P006,WH1,7,0,7,38,0,False,0,7,55,0,False
2024-03-16,P007,WH1,10,0,10,78,0,False,0,10,24,0,False
2024-03-16,P008,WH1,10,0,10,17,0,False,0,10,17,0,False
2024-03-16,P009,WH1,8,0,8,41,0,False,0,8,36,0,False
2024-03-16,P010,WH1,14,0,14,26,0,False,0,14,9,0,False
2024-03-16,P011,WH1,5,0,5,31,0,False,0,5,13,0,False
2024-03-16,P012,WH1,0,0,0,34,0,False,0,0,37,0,False
2024-03-16,P013,WH1,0,0,0,32,0,False,0,0,30,0,False
2024-03-16,P014,WH1,2,0,2,56,0,False,0,2,29,0,False
2024-03-16,P015,WH1,8,0,8,28,0,False,0,8,27,0,False
2024-03-17,P001,WH1,40,0,35,0,5,True,0,40,155,0,False
2024-03-17,P002,WH1,23,0,23,49,0,False,0,23,249,0,False
2024-03-17,P003,WH1,26,0,26,20,0,False,0,26,221,0,False
2024-03-17,P004,WH1,15,0,15,134,0,False,0,15,114,0,False
2024-03-17,P005,WH1,16,0,16,54,0,False,0,16,223,0,False
2024-03-17,P006,WH1,5,0,5,33,0,False,0,5,50,0,False
2024-03-17,P007,WH1,11,0,11,67,0,False,0,11,13,0,False
2024-03-17,P008,WH1,10,0,10,7,0,False,0,10,7,0,False
2024-03-17,P009,WH1,14,0,14,27,0,False,0,14,22,0,False
2024-03-17,P010,WH1,11,0,11,15,0,False,0,9,0,2,True
2024-03-17,P011,WH1,2,0,2,29,0,False,0,2,11,0,False
2024-03-17,P012,WH1,5,0,5,29,0,False,0,5,32,0,False
2024-03-17,P013,WH1,1,0,1,31,0,False,0,1,29,0,False
2024-03-17,P014,WH1,2,0,2,54,0,False,0,2,27,0,False
2024-03-17,P015,WH1,5,0,5,23,0,False,0,5,22,0,False
2024-03-18,P001,WH1,15,130,15,115,0,False,0,15,140,0,False
2024-03-18,P002,WH1,17,140,17,172,0,False,0,17,232,0,False
2024-03-18,P003,WH1,28,140,28,132,0,False,0,28,193,0,False
2024-03-18,P004,WH1,4,0,4,130,0,False,0,4,110,0,False
2024-03-18,P005,WH1,1,130,1,183,0,False,0,1,222,0,False
2024-03-18,P006,WH1,4,70,4,99,0,False,0,4,46,0,False
2024-03-18,P007,WH1,10,0,10,57,0,False,0,10,3,0,False
2024-03-18,P008,WH1,8,60,8,59,0,False,80,8,79,0,False
2024-03-18,P009,WH1,9,70,9,88,0,False,0,9,13,0,False
2024-03-18,P010,WH1,4,60,4,71,0,False,80,4,76,0,False
2024-03-18,P011,WH1,5,0,5,24,0,False,0,5,6,0,False
2024-03-18,P012,WH1,22,50,22,57,0,False,0,22,10,0,False
2024-03-18,P013,WH1,0,40,0,71,0,False,0,0,29,0,False
2024-03-18,P014,WH1,3,0,3,51,0,False,0,3,24,0,False
2024-03-18,P015,WH1,4,30,4,49,0,False,0,4,18,0,False
2024-03-19,P001,WH1,26,0,26,89,0,False,0,26,114,0,False
2024-03-19,P002,WH1,7,0,7,165,0,False,0,7,225,0,False
2024-03-19,P003,WH1,22,0,22,110,0,False,0,22,171,0,False
2024-03-19,P004,WH1,6,0,6,124,0,False,0,6,104,0,False
2024-03-19,P005,WH1,31,0,31,152,0,False,0,31,191,0,False
2024-03-19,P006,WH1,13,0,13,86,0,False,0,13,33,0,False
2024-03-19,P007,WH1,15,0,15,42,0,False,80,15,68,0,False
2024-03-19,P008,WH1,5,0,5,54,0,False,0,5,74,0,False
2024-03-19,P009,WH1,7,0,7,81,0,False,0,7,6,0,False
2024-03-19,P010,WH1,8,0,8,63,0,False,0,8,68,0,False
2024-03-19,P011,WH1,0,0,0,24,0,False,40,0,46,0,False
2024-03-19,P012,WH1,7,0,7,50,0,False,0,7,3,0,False
2024-03-19,P013,WH1,4,0,4,67,0,False,0,4,25,0,False
2024-03-19,P014,WH1,8,0,8,43,0,False,0,8,16,0,False
2024-03-19,P015,WH1,1,0,1,48,0,False,0,1,17,0,False
2024-03-20,P001,WH1,17,0,17,72,0,False,0,17,97,0,False
2024-03-20,P002,WH1,22,0,22,143,0,False,0,22,203,0,False
2024-03-20,P003,WH1,13,0,13,97,0,False,0,13,158,0,False
2024-03-20,P004,WH1,25,0,25,99,0,False,0,25,79,0,False
2024-03-20,P005,WH1,17,0,17,135,0,False,0,17,174,0,False
2024-03-20,P006,WH1,6,0,6,80,0,False,0,6,27,0,False
2024-03-20,P007,WH1,5,0,5,37,0,False,0,5,63,0,False
2024-03-20,P008,WH1,6,0,6,48,0,False,0,6,68,0,False
2024-03-20,P009,WH1,9,0,9,72,0,False,80,9,77,0,False
2024-03-20,P010,WH1,13,0,13,50,0,False,0,13,55,0,False
2024-03-20,P011,WH1,1,0,1,23,0,False,0,1,45,0,False
2024-03-20,P012,WH1,0,0,0,50,0,False,0,0,3,0,False
2024-03-20,P013,WH1,0,0,0,67,0,False,0,0,25,0,False
2024-03-20,P014,WH1,3,0,3,40,0,False,0,3,13,0,False
2024-03-20,P015,WH1,2,0,2,46,0,False,0,2,15,0,False
2024-03-21,P001,WH1,28,0,28,44,0,False,0,28,69,0,False
2024-03-21,P002,WH1,13,0,13,130,0,False,0,13,190,0,False
2024-03-21,P003,WH1,10,0,10,87,0,False,0,10,148,0,False
2024-03-21,P004,WH1,24,0,24,75,0,False,0,24,55,0,False
2024-03-21,P005,WH1,25,0,25,110,0,False,0,25,149,0,False
2024-03-21,P006,WH1,7,0,7,73,0,False,0,7,20,0,False
2024-03-21,P007,WH1,16,0,16,21,0,False,0,16,47,0,False
2024-03-21,P008,WH1,15,0,15,33,0,False,0,15,53,0,False
2024-03-21,P009,WH1,4,0,4,68,0,False,0,4,73,0,False
2024-03-21,P010,WH1,1,0,1,49,0,False,0,1,54,0,False
2024-03-21,P011,WH1,2,0,2,21,0,False,0,2,43,0,False
2024-03-21,P012,WH1,4,0,4,46,0,False,40,4,39,0,False
2024-03-21,P013,WH1,0,0,0,67,0,False,0,0,25,0,False
2024-03-21,P014,WH1,2,0,2,38,0,False,0,2,11,0,False
2024-03-21,P015,WH1,9,0,9,37,0,False,0,9,6,0,False
2024-03-22,P001,WH1,17,0,17,27,0,False,0,17,52,0,False
2024-03-22,P002,WH1,21,0,21,109,0,False,0,21,169,0,False
2024-03-22,P003,WH1,8,0,8,79,0,False,0,8,140,0,False
2024-03-22,P004,WH1,23,0,23,52,0,False,0,23,32,0,False
2024-03-22,P005,WH1,22,0,22,88,0,False,0,22,127,0,False
2024-03-22,P006,WH1,8,0,8,65,0,False,0,8,12,0,False
2024-03-22,P007,WH1,6,0,6,15,0,False,0,6,41,0,False
2024-03-22,P008,WH1,5,0,5,28,0,False,0,5,48,0,False
2024-03-22,P009,WH1,4,0,4,64,0,False,0,4,69,0,False
2024-03-22,P010,WH1,11,0,11,38,0,False,0,11,43,0,False
2024-03-22,P011,WH1,0,0,0,21,0,False,0,0,43,0,False
2024-03-22,P012,WH1,7,0,7,39,0,False,0,7,32,0,False
2024-03-22,P013,WH1,0,0,0,67,0,False,0,0,25,0,False
2024-03-22,P014,WH1,1,0,1,37,0,False,0,1,10,0,False
2024-03-22,P015,WH1,8,0,8,29,0,False,0,6,0,2,True
2024-03-23,P001,WH1,18,0,18,9,0,False,0,18,34,0,False
2024-03-23,P002,WH1,19,0,19,90,0,False,0,19,150,0,False
2024-03-23,P003,WH1,4,0,4,75,0,False,0,4,136,0,False
2024-03-23,P004,WH1,15,0,15,37,0,False,250,15,267,0,False
2024-03-23,P005,WH1,0,0,0,88,0,False,0,0,127,0,False
2024-03-23,P006,WH1,9,0,9,56,0,False,80,9,83,0,False
2024-03-23,P007,WH1,8,0,8,7,0,False,0,8,33,0,False
2024-03-23,P008,WH1,5,0,5,23,0,False,0,5,43,0,False
2024-03-23,P009,WH1,0,0,0,64,0,False,0,0,69,0,False
2024-03-23,P010,WH1,4,0,4,34,0,False,0,4,39,0,False
2024-03-23,P011,WH1,3,0,3,18,0,False,0,3,40,0,False
2024-03-23,P012,WH1,3,0,3,36,0,False,0,3,29,0,False
2024-03-23,P013,WH1,1,0,1,66,0,False,0,1,24,0,False
2024-03-23,P014,WH1,6,0,6,31,0,False,40,6,44,0,False
2024-03-23,P015,WH1,5,0,5,24,0,False,0,0,0,5,True
2024-03-24,P001,WH1,17,0,9,0,8,True,250,17,267,0,False
2024-03-24,P002,WH1,20,0,20,70,0,False,0,20,130,0,False
2024-03-24,P003,WH1,1,0,1,74,0,False,0,1,135,0,False
2024-03-24,P004,WH1,28,0,28,9,0,False,0,28,239,0,False
2024-03-24,P005,WH1,4,0,4,84,0,False,0,4,123,0,False
2024-03-24,P006,WH1,4,0,4,52,0,False,0,4,79,0,False
2024-03-24,P007,WH1,9,0,7,0,2,True,0,9,24,0,False
2024-03-24,P008,WH1,8,0,8,15,0,False,0,8,35,0,False
2024-03-24,P009,WH1,5,0,5,59,0,False,0,5,64,0,False
2024-03-24,P010,WH1,9,0,9,25,0,False,0,9,30,0,False
2024-03-24,P011,WH1,5,0,5,13,0,False,0,5,35,0,False
2024-03-24,P012,WH1,3,0,3,33,0,False,0,3,26,0,False
2024-03-24,P013,WH1,1,0,1,65,0,False,0,1,23,0,False
2024-03-24,P014,WH1,3,0,3,28,0,False,0,3,41,0,False
2024-03-24,P015,WH1,3,0,3,21,0,False,40,3,37,0,False
2024-03-25,P001,WH1,13,180,13,167,0,False,0,13,254,0,False
2024-03-25,P002,WH1,11,140,11,199,0,False,0,11,119,0,False
2024-03-25,P003,WH1,11,120,11,183,0,False,0,11,124,0,False
2024-03-25,P004,WH1,8,120,8,121,0,False,0,8,231,0,False
2024-03-25,P005,WH1,13,170,13,241,0,False,0,13,110,0,False
2024-03-25,P006,WH1,2,50,2,100,0,False,0,2,77,0,False
2024-03-25,P007,WH1,10,80,10,70,0,False,0,10,14,0,False
2024-03-25,P008,WH1,3,60,3,72,0,False,0,3,32,0,False
2024-03-25,P009,WH1,8,60,8,111,0,False,0,8,56,0,False
2024-03-25,P010,WH1,0,70,0,95,0,False,0,0,30,0,False
2024-03-25,P011,WH1,4,30,4,39,0,False,0,4,31,0,False
2024-03-25,P012,WH1,6,50,6,77,0,False,0,6,20,0,False
2024-03-25,P013,WH1,3,0,3,62,0,False,0,3,20,0,False
2024-03-25,P014,WH1,1,30,1,57,0,False,0,1,40,0,False
2024-03-25,P015,WH1,2,30,2,49,0,False,0,2,35,0,False
2024-03-26,P001,WH1,12,0,12,155,0,False,0,12,242,0,False
2024-03-26,P002,WH1,4,0,4,195,0,False,0,4,115,0,False
2024-03-26,P003,WH1,0,0,0,183,0,False,0,0,124,0,False
2024-03-26,P004,WH1,11,0,11,110,0,False,0,11,220,0,False
2024-03-26,P005,WH1,12,0,12,229,0,False,0,12,98,0,False
2024-03-26,P006,WH1,7,0,7,93,0,False,0,7,70,0,False
2024-03-26,P007,WH1,1,0,1,69,0,False,0,1,13,0,False
2024-03-26,P008,WH1,9,0,9,63,0,False,0,9,23,0,False
2024-03-26,P009,WH1,1,0,1,110,0,False,0,1,55,0,False
2024-03-26,P010,WH1,8,0,8,87,0,False,0,8,22,0,False
2024-03-26,P011,WH1,0,0,0,39,0,False,0,0,31,0,False
2024-03-26,P012,WH1,11,0,11,66,0,False,0,11,9,0,False
2024-03-26,P013,WH1,0,0,0,62,0,False,0,0,20,0,False
2024-03-26,P014,WH1,4,0,4,53,0,False,0,4,36,0,False
2024-03-26,P015,WH1,2,0,2,47,0,False,0,2,33,0,False
2024-03-27,P001,WH1,5,0,5,150,0,False,0,5,237,0,False
2024-03-27,P002,WH1,0,0,0,195,0,False,0,0,115,0,False
2024-03-27,P003,WH1,11,0,11,172,0,False,0,11,113,0,False
2024-03-27,P004,WH1,15,0,15,95,0,False,0,15,205,0,False
2024-03-27,P005,WH1,17,0,17,212,0,False,0,17,81,0,False
2024-03-27,P006,WH1,4,0,4,89,0,False,0,4,66,0,False
2024-03-27,P007,WH1,1,0,1,68,0,False,80,1,92,0,False
2024-03-27,P008,WH1,11,0,11,52,0,False,0,11,12,0,False
2024-03-27,P009,WH1,7,0,7,103,0,False,0,7,48,0,False
2024-03-27,P010,WH1,8,0,8,79,0,False,0,8,14,0,False
2024-03-27,P011,WH1,5,0,5,34,0,False,0,5,26,0,False
2024-03-27,P012,WH1,11,0,11,55,0,False,0,9,0,2,True
2024-03-27,P013,WH1,0,0,0,62,0,False,0,0,20,0,False
2024-03-27,P014,WH1,0,0,0,53,0,False,0,0,36,0,False
2024-03-27,P015,WH1,7,0,7,40,0,False,0,7,26,0,False
2024-03-28,P001,WH1,11,0,11,139,0,False,0,11,226,0,False
2024-03-28,P002,WH1,9,0,9,186,0,False,0,9,106,0,False
2024-03-28,P003,WH1,16,0,16,156,0,False,0,16,97,0,False
2024-03-28,P004,WH1,18,0,18,77,0,False,0,18,187,0,False
2024-03-28,P005,WH1,0,0,0,212,0,False,0,0,81,0,False
2024-03-28,P006,WH1,1,0,1,88,0,False,0,1,65,0,False
2024-03-28,P007,WH1,6,0,6,62,0,False,0,6,86,0,False
2024-03-28,P008,WH1,1,0,1,51,0,False,0,1,11,0,False
2024-03-28,P009,WH1,17,0,17,86,0,False,0,17,31,0,False
2024-03-28,P010,WH1,9,0,9,70,0,False,0,9,5,0,False
2024-03-28,P011,WH1,0,0,0,34,0,False,0,0,26,0,False
2024-03-28,P012,WH1,0,0,0,55,0,False,0,0,0,0,False
2024-03-28,P013,WH1,1,0,1,61,0,False,0,1,19,0,False
2024-03-28,P014,WH1,3,0,3,50,0,False,0,3,33,0,False
2024-03-28,P015,WH1,5,0,5,35,0,False,0,5,21,0,False
2024-03-29,P001,WH1,25,0,25,114,0,False,0,25,201,0,False
2024-03-29,P002,WH1,12,0,12,174,0,False,0,12,94,0,False
2024-03-29,P003,WH1,28,0,28,128,0,False,0,28,69,0,False
2024-03-29,P004,WH1,17,0,17,60,0,False,0,17,170,0,False
2024-03-29,P005,WH1,7,0,7,205,0,False,0,7,74,0,False
2024-03-29,P006,WH1,6,0,6,82,0,False,0,6,59,0,False
2024-03-29,P007,WH1,6,0,6,56,0,False,0,6,80,0,False
2024-03-29,P008,WH1,7,0,7,44,0,False,80,7,84,0,False
2024-03-29,P009,WH1,3,0,3,83,0,False,0,3,28,0,False
2024-03-29,P010,WH1,2,0,2,68,0,False,80,2,83,0,False
2024-03-29,P011,WH1,11,0,11,23,0,False,0,11,15,0,False
2024-03-29,P012,WH1,1,0,1,54,0,False,40,1,39,0,False
2024-03-29,P013,WH1,1,0,1,60,0,False,0,1,18,0,False
2024-03-29,P014,WH1,0,0,0,50,0,False,0,0,33,0,False
2024-03-29,P015,WH1,4,0,4,31,0,False,0,4,17,0,False
2024-03-30,P001,WH1,29,0,29,85,0,False,0,29,172,0,False
2024-03-30,P002,WH1,14,0,14,160,0,False,0,14,80,0,False
2024-03-30,P003,WH1,7,0,7,121,0,False,0,7,62,0,False
2024-03-30,P004,WH1,20,0,20,40,0,False,0,20,150,0,False
2024-03-30,P005,WH1,0,0,0,205,0,False,250,0,324,0,False
2024-03-30,P006,WH1,7,0,7,75,0,False,0,7,52,0,False
2024-03-30,P007,WH1,14,0,14,42,0,False,0,14,66,0,False
2024-03-30,P008,WH1,6,0,6,38,0,False,0,6,78,0,False
2024-03-30,P009,WH1,6,0,6,77,0,False,0,6,22,0,False
2024-03-30,P010,WH1,6,0,6,62,0,False,0,6,77,0,False
2024-03-30,P011,WH1,0,0,0,23,0,False,0,0,15,0,False
2024-03-30,P012,WH1,3,0,3,51,0,False,0,3,36,0,False
2024-03-30,P013,WH1,1,0,1,59,0,False,0,1,17,0,False
2024-03-30,P014,WH1,0,0,0,50,0,False,0,0,33,0,False
2024-03-30,P015,WH1,0,0,0,31,0,False,0,0,17,0,False
